"Nome da campanha",Dia,"Status de veiculação","Nível de veiculação","Nome da campanha",Alcance,Frequência,Impressões,"Cliques no link","CPM (custo por 1.000 impressões)","CTR (taxa de cliques no link)","Valor gasto (BRL)","Início dos relatórios","Término dos relatórios"
2021_perf_fundo_mkt-places-delivery_aon_conv_lead,2021-09-30,active,campaign,2021_perf_fundo_mkt-places-delivery_aon_conv_lead,109017,1.2015373749048,130988,1419,13.914099,1.0833053409473,1822.58,2021-09-30,2021-09-30
2021_perf_meio_mkt-places-delivery_aon_conv_lead,2021-09-30,active,campaign,2021_perf_meio_mkt-places-delivery_aon_conv_lead,218739,1.070549833363,234171,1770,9.63360109,0.75585789871504,2255.91,2021-09-30,2021-09-30
2021_brand_topo_mkt-places-delivery_sazonal_crocante-vegano_rec_impressions_speciali,2021-09-30,inactive,campaign,2021_brand_topo_mkt-places-delivery_sazonal_crocante-vegano_rec_impressions_speciali,524663,1.0530397607607,552491,482,1.90296313,0.087241240128798,1051.37,2021-09-30,2021-09-30
2021_brand_topo_mkt-places-delivery_aon_primavera_rec_impressions_principale_brand-lift,2021-09-30,active,campaign,2021_brand_topo_mkt-places-delivery_aon_primavera_rec_impressions_principale_brand-lift,618468,1.0979064397835,679020,810,2.67071662,0.11928956437218,1813.47,2021-09-30,2021-09-30
conv_lp_semana_do_gelato,2021-09-30,inactive,campaign,conv_lp_semana_do_gelato,0,0,0,,,,0,2021-09-30,2021-09-30
2021_perf_fundo_wp_aon_msg_chat_tipo-p,2021-09-30,active,campaign,2021_perf_fundo_wp_aon_msg_chat_tipo-p,10383,1.1096022344217,11521,160,15.17403003,1.3887683360819,174.82,2021-09-30,2021-09-30
2021_geral_topo_engaj_aon_engaj_tipo-p,2021-09-30,active,campaign,2021_geral_topo_engaj_aon_engaj_tipo-p,44773,1.0711589574074,47959,48,16.95406493,0.10008548968911,813.1,2021-09-30,2021-09-30
2021_brand_topo_mkt-places-delivery_aon_leva-junto-uma-viagem_rec_impressions_principale_brand-lift,2021-09-30,active,campaign,2021_brand_topo_mkt-places-delivery_aon_leva-junto-uma-viagem_rec_impressions_principale_brand-lift,530297,1.0427081427955,552945,734,2.58698424,0.13274376294206,1430.46,2021-09-30,2021-09-30
2021_brand_topo_mkt-places-delivery_sazonal_dia-das-crianças_rec_impressions_interesses_tipo-m,2021-09-30,active,campaign,2021_brand_topo_mkt-places-delivery_sazonal_dia-das-crianças_rec_impressions_interesses_tipo-m,299248,1.1112054215901,332526,234,1.72437644,0.070370437198896,573.4,2021-09-30,2021-09-30
rec_topo_int_regioes_casquinha,2021-09-30,inactive,campaign,rec_topo_int_regioes_casquinha,72059,1.0758822631455,77527,106,2.90518142,0.13672655977917,225.23,2021-09-30,2021-09-30
conv_lp_semana_do_gelato,2021-09-29,inactive,campaign,conv_lp_semana_do_gelato,0,0,0,,,,0,2021-09-29,2021-09-29
2021_brand_topo_mkt-places-delivery_aon_leva-junto-uma-viagem_rec_impressions_principale_brand-lift,2021-09-29,active,campaign,2021_brand_topo_mkt-places-delivery_aon_leva-junto-uma-viagem_rec_impressions_principale_brand-lift,559471,1.0566588795487,591170,714,2.68738265,0.12077744134513,1588.7,2021-09-29,2021-09-29
2021_geral_topo_engaj_aon_engaj_tipo-p,2021-09-29,active,campaign,2021_geral_topo_engaj_aon_engaj_tipo-p,46392,1.0855966545956,50363,65,15.70438616,0.12906300260112,790.92,2021-09-29,2021-09-29
2021_perf_meio_mkt-places-delivery_aon_conv_lead,2021-09-29,active,campaign,2021_perf_meio_mkt-places-delivery_aon_conv_lead,245498,1.0902492077329,267654,1588,8.67459481,0.59330329455192,2321.79,2021-09-29,2021-09-29
2021_brand_topo_mkt-places-delivery_sazonal_dia-das-crianças_rec_impressions_interesses_tipo-m,2021-09-29,active,campaign,2021_brand_topo_mkt-places-delivery_sazonal_dia-das-crianças_rec_impressions_interesses_tipo-m,185948,1.1226149246026,208748,131,1.66368061,0.062755092264357,347.29,2021-09-29,2021-09-29
2021_perf_fundo_mkt-places-delivery_aon_conv_lead,2021-09-29,active,campaign,2021_perf_fundo_mkt-places-delivery_aon_conv_lead,153083,1.3427291077389,205549,1439,15.62357394,0.70007638081431,3211.41,2021-09-29,2021-09-29
2021_perf_fundo_wp_aon_msg_chat_tipo-p,2021-09-29,active,campaign,2021_perf_fundo_wp_aon_msg_chat_tipo-p,9853,1.0956053993707,10795,186,15.23112552,1.7230199166281,164.42,2021-09-29,2021-09-29
2021_brand_topo_mkt-places-delivery_sazonal_crocante-vegano_rec_impressions_speciali,2021-09-29,inactive,campaign,2021_brand_topo_mkt-places-delivery_sazonal_crocante-vegano_rec_impressions_speciali,528482,1.0383797366798,548765,437,1.86063251,0.079633358541452,1021.05,2021-09-29,2021-09-29
rec_topo_int_regioes_casquinha,2021-09-29,inactive,campaign,rec_topo_int_regioes_casquinha,70682,1.0906737217396,77091,90,2.7734755,0.11674514534771,213.81,2021-09-29,2021-09-29
2021_brand_topo_mkt-places-delivery_aon_primavera_rec_impressions_principale_brand-lift,2021-09-29,active,campaign,2021_brand_topo_mkt-places-delivery_aon_primavera_rec_impressions_principale_brand-lift,991431,1.0906558298056,1081310,1070,2.68313435,0.098954046480658,2901.3,2021-09-29,2021-09-29
2021_brand_topo_mkt-places-delivery_sazonal_crocante-vegano_rec_impressions_speciali,2021-09-28,inactive,campaign,2021_brand_topo_mkt-places-delivery_sazonal_crocante-vegano_rec_impressions_speciali,569843,1.064559887548,606632,476,1.53702739,0.078466022234238,932.41,2021-09-28,2021-09-28
rec_topo_int_regioes_casquinha,2021-09-28,inactive,campaign,rec_topo_int_regioes_casquinha,72174,1.0322138166099,74499,90,2.44231466,0.12080699069786,181.95,2021-09-28,2021-09-28
conv_lp_semana_do_gelato,2021-09-28,inactive,campaign,conv_lp_semana_do_gelato,0,0,0,,,,0,2021-09-28,2021-09-28
2021_brand_topo_mkt-places-delivery_aon_leva-junto-uma-viagem_rec_impressions_principale_brand-lift,2021-09-28,active,campaign,2021_brand_topo_mkt-places-delivery_aon_leva-junto-uma-viagem_rec_impressions_principale_brand-lift,572020,1.0145099821685,580320,644,2.37169148,0.11097325613455,1376.34,2021-09-28,2021-09-28
2021_brand_topo_mkt-places-delivery_aon_primavera_rec_impressions_principale_brand-lift,2021-09-28,active,campaign,2021_brand_topo_mkt-places-delivery_aon_primavera_rec_impressions_principale_brand-lift,974825,1.0851845202985,1057865,1043,2.33266059,0.098594811247182,2467.64,2021-09-28,2021-09-28
2021_perf_fundo_wp_aon_msg_chat_tipo-p,2021-09-28,active,campaign,2021_perf_fundo_wp_aon_msg_chat_tipo-p,5367,1.1395565492827,6116,105,14.77763244,1.7168083714846,90.38,2021-09-28,2021-09-28
2021_perf_meio_mkt-places-delivery_aon_conv_lead,2021-09-28,active,campaign,2021_perf_meio_mkt-places-delivery_aon_conv_lead,218042,1.0851349739958,236605,1421,9.39447603,0.60057902411192,2222.78,2021-09-28,2021-09-28
2021_perf_fundo_mkt-places-delivery_aon_conv_lead,2021-09-28,active,campaign,2021_perf_fundo_mkt-places-delivery_aon_conv_lead,144638,1.3242232331752,191533,1026,14.61570591,0.53567792495288,2799.39,2021-09-28,2021-09-28
2021_geral_topo_engaj_aon_engaj_tipo-p,2021-09-28,active,campaign,2021_geral_topo_engaj_aon_engaj_tipo-p,53277,1.0760177937947,57327,86,13.70087393,0.15001657159803,785.43,2021-09-28,2021-09-28
2021_brand_topo_mkt-places-delivery_sazonal_crocante-vegano_rec_impressions_speciali,2021-09-27,inactive,campaign,2021_brand_topo_mkt-places-delivery_sazonal_crocante-vegano_rec_impressions_speciali,479725,1.0791766116004,517708,370,1.25495453,0.07146885889343,649.7,2021-09-27,2021-09-27
2021_perf_fundo_wp_aon_msg_chat_tipo-p,2021-09-27,active,campaign,2021_perf_fundo_wp_aon_msg_chat_tipo-p,4639,1.1616727743048,5389,80,15.60771943,1.4845054741139,84.11,2021-09-27,2021-09-27
2021_brand_topo_mkt-places-delivery_aon_primavera_rec_impressions_principale_brand-lift,2021-09-27,active,campaign,2021_brand_topo_mkt-places-delivery_aon_primavera_rec_impressions_principale_brand-lift,1041110,1.1326660967621,1179230,1111,2.14300857,0.094214021013712,2527.1,2021-09-27,2021-09-27
2021_brand_topo_mkt-places-delivery_aon_leva-junto-uma-viagem_rec_impressions_principale_brand-lift,2021-09-27,active,campaign,2021_brand_topo_mkt-places-delivery_aon_leva-junto-uma-viagem_rec_impressions_principale_brand-lift,624743,1.018663674503,636403,665,2.20541072,0.1044935363284,1403.53,2021-09-27,2021-09-27
2021_perf_meio_mkt-places-delivery_aon_conv_lead,2021-09-27,active,campaign,2021_perf_meio_mkt-places-delivery_aon_conv_lead,158487,1.0779874690038,170847,905,8.5500477,0.52971372046334,1460.75,2021-09-27,2021-09-27
2021_geral_topo_engaj_aon_engaj_tipo-p,2021-09-27,active,campaign,2021_geral_topo_engaj_aon_engaj_tipo-p,64059,1.0638005588598,68146,64,9.08901476,0.093916003874035,619.38,2021-09-27,2021-09-27
rec_topo_int_regioes_casquinha,2021-09-27,inactive,campaign,rec_topo_int_regioes_casquinha,55869,1.0979434033185,61341,62,2.2568918,0.10107432223146,138.44,2021-09-27,2021-09-27
2021_perf_fundo_mkt-places-delivery_aon_conv_lead,2021-09-27,active,campaign,2021_perf_fundo_mkt-places-delivery_aon_conv_lead,138874,1.3712429972493,190430,991,14.45103188,0.52040119729034,2751.91,2021-09-27,2021-09-27
conv_lp_semana_do_gelato,2021-09-27,inactive,campaign,conv_lp_semana_do_gelato,0,0,0,,,,0,2021-09-27,2021-09-27
conv_lp_semana_do_gelato,2021-09-26,inactive,campaign,conv_lp_semana_do_gelato,370300,1.1804725897921,437129,4031,13.97427304,0.92215341466707,6108.56,2021-09-26,2021-09-26
2021_brand_topo_mkt-places-delivery_aon_primavera_rec_impressions_principale_brand-lift,2021-09-26,active,campaign,2021_brand_topo_mkt-places-delivery_aon_primavera_rec_impressions_principale_brand-lift,1071092,1.123111740168,1202956,1170,2.11465756,0.09726041517728,2543.84,2021-09-26,2021-09-26
2021_brand_topo_mkt-places-delivery_sazonal_crocante-vegano_rec_impressions_speciali,2021-09-26,inactive,campaign,2021_brand_topo_mkt-places-delivery_sazonal_crocante-vegano_rec_impressions_speciali,865651,1.0388228050334,899258,607,1.22645559,0.067500094522373,1102.9,2021-09-26,2021-09-26
2021_geral_topo_engaj_aon_engaj_tipo-p,2021-09-26,active,campaign,2021_geral_topo_engaj_aon_engaj_tipo-p,108766,1.0101686188699,109872,110,6.18228484,0.10011649919907,679.26,2021-09-26,2021-09-26
2021_brand_topo_mkt-places-delivery_aon_leva-junto-uma-viagem_rec_impressions_principale_brand-lift,2021-09-26,active,campaign,2021_brand_topo_mkt-places-delivery_aon_leva-junto-uma-viagem_rec_impressions_principale_brand-lift,636535,1.052460587399,669928,683,2.10530087,0.10195125446317,1410.4,2021-09-26,2021-09-26
2021_perf_meio_mkt-places-delivery_aon_conv_lead,2021-09-26,active,campaign,2021_perf_meio_mkt-places-delivery_aon_conv_lead,216700,1.065145362252,230817,1376,9.03230698,0.59614326501081,2084.81,2021-09-26,2021-09-26
rec_topo_int_regioes_casquinha,2021-09-26,inactive,campaign,rec_topo_int_regioes_casquinha,90943,1.073485589875,97626,94,2.25902936,0.096285825497306,220.54,2021-09-26,2021-09-26
2021_perf_fundo_wp_aon_msg_chat_tipo-p,2021-09-26,active,campaign,2021_perf_fundo_wp_aon_msg_chat_tipo-p,8717,1.094757370655,9543,192,25.64497537,2.0119459289532,244.73,2021-09-26,2021-09-26
2021_perf_fundo_mkt-places-delivery_aon_conv_lead,2021-09-26,active,campaign,2021_perf_fundo_mkt-places-delivery_aon_conv_lead,141726,1.3880657042462,196725,1150,15.03713305,0.58457237260135,2958.18,2021-09-26,2021-09-26
2021_perf_fundo_mkt-places-delivery_aon_conv_lead,2021-09-25,active,campaign,2021_perf_fundo_mkt-places-delivery_aon_conv_lead,140023,1.3826299965006,193600,1321,17.46363636,0.6823347107438,3380.96,2021-09-25,2021-09-25
2021_perf_fundo_wp_aon_msg_chat_tipo-p,2021-09-25,active,campaign,2021_perf_fundo_wp_aon_msg_chat_tipo-p,5642,1.071783055654,6047,78,24.01025302,1.2898958161072,145.19,2021-09-25,2021-09-25
conv_lp_semana_do_gelato,2021-09-25,inactive,campaign,conv_lp_semana_do_gelato,368942,1.1801638197874,435412,4584,15.33790984,1.0527959725501,6678.31,2021-09-25,2021-09-25
rec_topo_int_regioes_casquinha,2021-09-25,inactive,campaign,rec_topo_int_regioes_casquinha,82282,1.0930337133273,89937,116,2.53666455,0.12897917431091,228.14,2021-09-25,2021-09-25
2021_brand_topo_mkt-places-delivery_aon_primavera_rec_impressions_principale_brand-lift,2021-09-25,active,campaign,2021_brand_topo_mkt-places-delivery_aon_primavera_rec_impressions_principale_brand-lift,1031874,1.1075780570108,1142881,1086,2.40545604,0.095023016394533,2749.15,2021-09-25,2021-09-25
2021_geral_topo_engaj_aon_engaj_tipo-p,2021-09-25,active,campaign,2021_geral_topo_engaj_aon_engaj_tipo-p,99350,1.0416809260191,103491,131,7.56616517,0.12658105535747,783.03,2021-09-25,2021-09-25
2021_brand_topo_mkt-places-delivery_sazonal_crocante-vegano_rec_impressions_speciali,2021-09-25,inactive,campaign,2021_brand_topo_mkt-places-delivery_sazonal_crocante-vegano_rec_impressions_speciali,767314,1.0437448033009,800880,596,1.50337129,0.074418140045949,1204.02,2021-09-25,2021-09-25
2021_brand_topo_mkt-places-delivery_aon_leva-junto-uma-viagem_rec_impressions_principale_brand-lift,2021-09-25,active,campaign,2021_brand_topo_mkt-places-delivery_aon_leva-junto-uma-viagem_rec_impressions_principale_brand-lift,607967,1.0443329983371,634920,739,2.39230139,0.11639261639262,1518.92,2021-09-25,2021-09-25
2021_perf_meio_mkt-places-delivery_aon_conv_lead,2021-09-25,active,campaign,2021_perf_meio_mkt-places-delivery_aon_conv_lead,158892,1.0648742542104,169200,1149,11.59066194,0.6790780141844,1961.14,2021-09-25,2021-09-25
rec_topo_int_regioes_casquinha,2021-09-24,inactive,campaign,rec_topo_int_regioes_casquinha,89648,1.0737551311797,96260,106,2.5120507,0.1101184292541,241.81,2021-09-24,2021-09-24
2021_perf_fundo_wp_aon_msg_chat_tipo-p,2021-09-24,active,campaign,2021_perf_fundo_wp_aon_msg_chat_tipo-p,2642,1.0825132475397,2860,34,17.1048951,1.1888111888112,48.92,2021-09-24,2021-09-24
2021_perf_fundo_mkt-places-delivery_aon_conv_lead,2021-09-24,active,campaign,2021_perf_fundo_mkt-places-delivery_aon_conv_lead,126718,1.3448365662337,170415,1099,17.44852272,0.64489628260423,2973.49,2021-09-24,2021-09-24
2021_perf_meio_mkt-places-delivery_aon_conv_lead,2021-09-24,active,campaign,2021_perf_meio_mkt-places-delivery_aon_conv_lead,143068,1.0774387004781,154147,961,11.2105328,0.62343088091238,1728.07,2021-09-24,2021-09-24
2021_brand_topo_mkt-places-delivery_sazonal_crocante-vegano_rec_impressions_speciali,2021-09-24,inactive,campaign,2021_brand_topo_mkt-places-delivery_sazonal_crocante-vegano_rec_impressions_speciali,774130,1.0659902083629,825215,592,1.52286374,0.071738880170622,1256.69,2021-09-24,2021-09-24
conv_lp_semana_do_gelato,2021-09-24,inactive,campaign,conv_lp_semana_do_gelato,545396,1.1809144181475,644066,6195,14.27248139,0.96185794623532,9192.42,2021-09-24,2021-09-24
2021_geral_topo_engaj_aon_engaj_tipo-p,2021-09-24,active,campaign,2021_geral_topo_engaj_aon_engaj_tipo-p,92111,1.0435995700839,96127,117,7.27537528,0.12171398254393,699.36,2021-09-24,2021-09-24
2021_brand_topo_mkt-places-delivery_aon_primavera_rec_impressions_principale_brand-lift,2021-09-24,active,campaign,2021_brand_topo_mkt-places-delivery_aon_primavera_rec_impressions_principale_brand-lift,928755,1.1073716965185,1028477,939,2.37231362,0.091300048518343,2439.87,2021-09-24,2021-09-24
2021_brand_topo_mkt-places-delivery_aon_leva-junto-uma-viagem_rec_impressions_principale_brand-lift,2021-09-24,active,campaign,2021_brand_topo_mkt-places-delivery_aon_leva-junto-uma-viagem_rec_impressions_principale_brand-lift,533502,1.0470776117053,558618,569,2.40520356,0.10185851512125,1343.59,2021-09-24,2021-09-24
2021_brand_topo_mkt-places-delivery_sazonal_crocante-vegano_rec_impressions_speciali,2021-09-23,inactive,campaign,2021_brand_topo_mkt-places-delivery_sazonal_crocante-vegano_rec_impressions_speciali,554968,1.0359137824163,574899,449,1.60819553,0.0781006750751,924.55,2021-09-23,2021-09-23
2021_brand_topo_mkt-places-delivery_aon_primavera_rec_impressions_principale_brand-lift,2021-09-23,active,campaign,2021_brand_topo_mkt-places-delivery_aon_primavera_rec_impressions_principale_brand-lift,729679,1.092080216095,796868,734,2.17537911,0.092110613050091,1733.49,2021-09-23,2021-09-23
rec_topo_int_regioes_casquinha,2021-09-23,inactive,campaign,rec_topo_int_regioes_casquinha,71697,1.0663626093142,76455,81,2.63619122,0.10594467333726,201.55,2021-09-23,2021-09-23
conv_lp_semana_do_gelato,2021-09-23,inactive,campaign,conv_lp_semana_do_gelato,432714,1.1484883780049,496967,5531,13.9815521,1.1129511617472,6948.37,2021-09-23,2021-09-23
2021_perf_fundo_mkt-places-delivery_aon_conv_lead,2021-09-23,active,campaign,2021_perf_fundo_mkt-places-delivery_aon_conv_lead,103123,1.2716949662054,131141,832,16.2695877,0.63443164227816,2133.61,2021-09-23,2021-09-23
2021_geral_topo_engaj_aon_engaj_tipo-p,2021-09-23,active,campaign,2021_geral_topo_engaj_aon_engaj_tipo-p,69773,1.0208246743009,71226,60,5.68472187,0.084238901524724,404.9,2021-09-23,2021-09-23
2021_perf_meio_mkt-places-delivery_aon_conv_lead,2021-09-23,active,campaign,2021_perf_meio_mkt-places-delivery_aon_conv_lead,112177,1.0327518118687,115851,748,10.59757792,0.64565692139041,1227.74,2021-09-23,2021-09-23
2021_brand_topo_mkt-places-delivery_aon_leva-junto-uma-viagem_rec_impressions_principale_brand-lift,2021-09-23,active,campaign,2021_brand_topo_mkt-places-delivery_aon_leva-junto-uma-viagem_rec_impressions_principale_brand-lift,414818,1.0493710494723,435298,460,2.21505727,0.1056747331713,964.21,2021-09-23,2021-09-23
2021_perf_fundo_wp_aon_msg_chat_tipo-p,2021-09-23,active,campaign,2021_perf_fundo_wp_aon_msg_chat_tipo-p,4654,1.0655350236356,4959,72,15.22887679,1.4519056261343,75.52,2021-09-23,2021-09-23
2021_perf_fundo_mkt-places-delivery_aon_conv_lead,2021-09-22,active,campaign,2021_perf_fundo_mkt-places-delivery_aon_conv_lead,90473,1.3289931802858,120238,773,16.23779504,0.64289159832998,1952.4,2021-09-22,2021-09-22
2021_brand_topo_mkt-places-delivery_aon_primavera_rec_impressions_principale_brand-lift,2021-09-22,active,campaign,2021_brand_topo_mkt-places-delivery_aon_primavera_rec_impressions_principale_brand-lift,946132,1.0788716585001,1020755,1124,2.10249276,0.11011457205696,2146.13,2021-09-22,2021-09-22
conv_lp_semana_do_gelato,2021-09-22,inactive,campaign,conv_lp_semana_do_gelato,194876,1.1535694492908,224803,3375,13.44937568,1.5013144842373,3023.46,2021-09-22,2021-09-22
2021_geral_topo_engaj_aon_engaj_tipo-p,2021-09-22,active,campaign,2021_geral_topo_engaj_aon_engaj_tipo-p,63246,1.0188786642634,64440,63,4.67752948,0.097765363128492,301.42,2021-09-22,2021-09-22
2021_perf_fundo_wp_aon_msg_chat_tipo-p,2021-09-22,active,campaign,2021_perf_fundo_wp_aon_msg_chat_tipo-p,2418,1.04052936311,2516,38,15.69554849,1.510333863275,39.49,2021-09-22,2021-09-22
2021_perf_meio_mkt-places-delivery_aon_conv_lead,2021-09-22,active,campaign,2021_perf_meio_mkt-places-delivery_aon_conv_lead,162959,1.0678698322891,174019,1219,9.94621277,0.70049822145858,1730.83,2021-09-22,2021-09-22
2021_brand_topo_mkt-places-delivery_aon_leva-junto-uma-viagem_rec_impressions_principale_brand-lift,2021-09-22,active,campaign,2021_brand_topo_mkt-places-delivery_aon_leva-junto-uma-viagem_rec_impressions_principale_brand-lift,564608,1.0301749178191,581645,715,2.0277145,0.12292721505386,1179.41,2021-09-22,2021-09-22
2021_brand_topo_mkt-places-delivery_sazonal_crocante-vegano_rec_impressions_speciali,2021-09-22,inactive,campaign,2021_brand_topo_mkt-places-delivery_sazonal_crocante-vegano_rec_impressions_speciali,562142,1.0646793870588,598501,442,1.18245416,0.073851171510156,707.7,2021-09-22,2021-09-22
rec_topo_int_regioes_casquinha,2021-09-22,inactive,campaign,rec_topo_int_regioes_casquinha,91051,1.0871489604727,98986,142,2.25163154,0.14345462994767,222.88,2021-09-22,2021-09-22
2021_brand_topo_mkt-places-delivery_aon_leva-junto-uma-viagem_rec_impressions_principale_brand-lift,2021-09-21,active,campaign,2021_brand_topo_mkt-places-delivery_aon_leva-junto-uma-viagem_rec_impressions_principale_brand-lift,529780,1.046532522934,554432,554,1.90831337,0.099922082419485,1058.03,2021-09-21,2021-09-21
2021_perf_fundo_wp_aon_msg_chat_tipo-p,2021-09-21,active,campaign,2021_perf_fundo_wp_aon_msg_chat_tipo-p,1470,1.0619047619048,1561,37,17.40550929,2.3702754644459,27.17,2021-09-21,2021-09-21
2021_brand_topo_mkt-places-delivery_aon_primavera_rec_impressions_principale_brand-lift,2021-09-21,active,campaign,2021_brand_topo_mkt-places-delivery_aon_primavera_rec_impressions_principale_brand-lift,848985,1.1240481280588,954300,912,1.97497642,0.095567431625275,1884.72,2021-09-21,2021-09-21
conv_lp_semana_do_gelato,2021-09-21,inactive,campaign,conv_lp_semana_do_gelato,208316,1.2041657865934,250847,4290,11.94524949,1.7102058226728,2996.43,2021-09-21,2021-09-21
rec_topo_int_regioes_speciali_ninho_al_cafe,2021-09-21,inactive,campaign,rec_topo_int_regioes_speciali_ninho_al_cafe,0,0,0,,,,0,2021-09-21,2021-09-21
2021_perf_meio_mkt-places-delivery_aon_conv_lead,2021-09-21,active,campaign,2021_perf_meio_mkt-places-delivery_aon_conv_lead,191161,1.0536406484586,201415,1371,8.69607527,0.68068415957103,1751.52,2021-09-21,2021-09-21
2021_perf_fundo_mkt-places-delivery_aon_conv_lead,2021-09-21,active,campaign,2021_perf_fundo_mkt-places-delivery_aon_conv_lead,101115,1.3209415022499,133567,967,15.91695554,0.72398122290686,2125.98,2021-09-21,2021-09-21
2021_brand_topo_mkt-places-delivery_sazonal_crocante-vegano_rec_impressions_speciali,2021-09-21,inactive,campaign,2021_brand_topo_mkt-places-delivery_sazonal_crocante-vegano_rec_impressions_speciali,639478,1.0897137978163,696848,485,1.26957385,0.069599109131403,884.7,2021-09-21,2021-09-21
rec_topo_int_regioes_casquinha,2021-09-21,inactive,campaign,rec_topo_int_regioes_casquinha,80255,1.0864245218366,87191,108,2.2483972,0.12386599534356,196.04,2021-09-21,2021-09-21
2021_geral_topo_engaj_aon_engaj_tipo-p,2021-09-21,active,campaign,2021_geral_topo_engaj_aon_engaj_tipo-p,101277,1.0340156205259,104722,111,5.44880732,0.10599491988312,570.61,2021-09-21,2021-09-21
rec_topo_int_regioes_speciali_ninho_al_cafe,2021-09-20,inactive,campaign,rec_topo_int_regioes_speciali_ninho_al_cafe,447478,1.0464492109109,468263,322,1.11138399,0.068764775350604,520.42,2021-09-20,2021-09-20
2021_brand_topo_mkt-places-delivery_aon_leva-junto-uma-viagem_rec_impressions_principale_brand-lift,2021-09-20,active,campaign,2021_brand_topo_mkt-places-delivery_aon_leva-junto-uma-viagem_rec_impressions_principale_brand-lift,501749,1.0130503498761,508297,478,1.56768582,0.094039508397649,796.85,2021-09-20,2021-09-20
2021_perf_meio_mkt-places-delivery_aon_conv_lead,2021-09-20,active,campaign,2021_perf_meio_mkt-places-delivery_aon_conv_lead,140855,1.0547797380285,148571,1018,7.23963627,0.68519428421428,1075.6,2021-09-20,2021-09-20
rec_topo_int_regioes_casquinha,2021-09-20,inactive,campaign,rec_topo_int_regioes_casquinha,70333,1.0816544154238,76076,87,1.95278406,0.11435932488564,148.56,2021-09-20,2021-09-20
2021_geral_topo_engaj_aon_engaj_tipo-p,2021-09-20,active,campaign,2021_geral_topo_engaj_aon_engaj_tipo-p,65998,1.0103184944998,66679,70,5.87336343,0.10498057859296,391.63,2021-09-20,2021-09-20
2021_brand_topo_mkt-places-delivery_aon_primavera_rec_impressions_principale_brand-lift,2021-09-20,active,campaign,2021_brand_topo_mkt-places-delivery_aon_primavera_rec_impressions_principale_brand-lift,779244,1.1075118961455,863022,663,1.60561376,0.076823070559036,1385.68,2021-09-20,2021-09-20
conv_lp_semana_do_gelato,2021-09-20,inactive,campaign,conv_lp_semana_do_gelato,210298,1.1276426784848,237141,4170,10.1341396,1.7584475059142,2403.22,2021-09-20,2021-09-20
2021_perf_fundo_mkt-places-delivery_aon_conv_lead,2021-09-20,active,campaign,2021_perf_fundo_mkt-places-delivery_aon_conv_lead,88478,1.2893035556862,114075,695,11.81310541,0.60924830155599,1347.58,2021-09-20,2021-09-20
2021_brand_topo_mkt-places-delivery_aon_leva-junto-uma-viagem_rec_impressions_principale_brand-lift,2021-09-19,active,campaign,2021_brand_topo_mkt-places-delivery_aon_leva-junto-uma-viagem_rec_impressions_principale_brand-lift,600697,1.0338573357283,621035,624,1.62610803,0.10047742880836,1009.87,2021-09-19,2021-09-19
2021_perf_meio_mkt-places-delivery_aon_conv_lead,2021-09-19,active,campaign,2021_perf_meio_mkt-places-delivery_aon_conv_lead,237566,1.0788033641178,256287,1878,7.75341707,0.73277224361751,1987.1,2021-09-19,2021-09-19
rec_topo_int_regioes_casquinha,2021-09-19,inactive,campaign,rec_topo_int_regioes_casquinha,89567,1.0953476168678,98107,114,1.95246007,0.11619965955538,191.55,2021-09-19,2021-09-19
2021_geral_topo_engaj_aon_engaj_tipo-p,2021-09-19,active,campaign,2021_geral_topo_engaj_aon_engaj_tipo-p,98000,1.0157755102041,99546,156,5.20965182,0.15671147007414,518.6,2021-09-19,2021-09-19
2021_brand_topo_mkt-places-delivery_aon_primavera_rec_impressions_principale_brand-lift,2021-09-19,active,campaign,2021_brand_topo_mkt-places-delivery_aon_primavera_rec_impressions_principale_brand-lift,967419,1.109456192198,1073309,825,1.67933,0.076865096631073,1802.44,2021-09-19,2021-09-19
2021_perf_fundo_mkt-places-delivery_aon_conv_lead,2021-09-19,active,campaign,2021_perf_fundo_mkt-places-delivery_aon_conv_lead,143102,1.314495953935,188107,1246,12.45631476,0.66238895947519,2343.12,2021-09-19,2021-09-19
rec_topo_int_regioes_speciali_ninho_al_cafe,2021-09-19,inactive,campaign,rec_topo_int_regioes_speciali_ninho_al_cafe,637560,1.0225061170713,651909,481,1.12241126,0.073783304111463,731.71,2021-09-19,2021-09-19
2021_brand_topo_mkt-places-delivery_aon_primavera_rec_impressions_principale_brand-lift,2021-09-18,active,campaign,2021_brand_topo_mkt-places-delivery_aon_primavera_rec_impressions_principale_brand-lift,854264,1.1177937967654,954891,766,2.00167349,0.080218579921687,1911.38,2021-09-18,2021-09-18
2021_brand_topo_mkt-places-delivery_aon_leva-junto-uma-viagem_rec_impressions_principale_brand-lift,2021-09-18,active,campaign,2021_brand_topo_mkt-places-delivery_aon_leva-junto-uma-viagem_rec_impressions_principale_brand-lift,567540,1.0315731049794,585459,445,1.81666009,0.076008738442829,1063.58,2021-09-18,2021-09-18
2021_geral_topo_engaj_aon_engaj_tipo-p,2021-09-18,active,campaign,2021_geral_topo_engaj_aon_engaj_tipo-p,95457,1.0280230889301,98132,142,5.95585538,0.14470305303061,584.46,2021-09-18,2021-09-18
2021_perf_meio_mkt-places-delivery_aon_conv_lead,2021-09-18,active,campaign,2021_perf_meio_mkt-places-delivery_aon_conv_lead,199298,1.0791929673153,215081,1613,10.39752465,0.74995001883012,2236.31,2021-09-18,2021-09-18
2021_perf_fundo_mkt-places-delivery_aon_conv_lead,2021-09-18,active,campaign,2021_perf_fundo_mkt-places-delivery_aon_conv_lead,131229,1.3112574202349,172075,1183,15.59593201,0.68749091965713,2683.67,2021-09-18,2021-09-18
rec_topo_int_regioes_casquinha,2021-09-18,inactive,campaign,rec_topo_int_regioes_casquinha,80639,1.0966033804983,88429,117,2.2501668,0.13230953646428,198.98,2021-09-18,2021-09-18
rec_topo_int_regioes_speciali_ninho_al_cafe,2021-09-18,inactive,campaign,rec_topo_int_regioes_speciali_ninho_al_cafe,559988,1.052481481746,589377,443,1.31396373,0.075164113971193,774.42,2021-09-18,2021-09-18
2021_perf_fundo_mkt-places-delivery_aon_conv_lead,2021-09-17,active,campaign,2021_perf_fundo_mkt-places-delivery_aon_conv_lead,101687,1.3383913381258,136097,948,16.63254884,0.69656201091868,2263.64,2021-09-17,2021-09-17
2021_geral_topo_engaj_aon_engaj_tipo-p,2021-09-17,active,campaign,2021_geral_topo_engaj_aon_engaj_tipo-p,84858,1.0293195691626,87346,131,6.629382,0.14997824742976,579.05,2021-09-17,2021-09-17
2021_brand_topo_mkt-places-delivery_aon_primavera_rec_impressions_principale_brand-lift,2021-09-17,active,campaign,2021_brand_topo_mkt-places-delivery_aon_primavera_rec_impressions_principale_brand-lift,854996,1.0955080491605,936655,741,1.89870336,0.079111305656832,1778.43,2021-09-17,2021-09-17
2021_brand_topo_mkt-places-delivery_aon_leva-junto-uma-viagem_rec_impressions_principale_brand-lift,2021-09-17,active,campaign,2021_brand_topo_mkt-places-delivery_aon_leva-junto-uma-viagem_rec_impressions_principale_brand-lift,524512,1.0421896925142,546641,473,1.85141619,0.086528452860287,1012.06,2021-09-17,2021-09-17
2021_perf_meio_mkt-places-delivery_aon_conv_lead,2021-09-17,active,campaign,2021_perf_meio_mkt-places-delivery_aon_conv_lead,144409,1.1277067218802,162851,1062,11.35522656,0.65212986103862,1849.21,2021-09-17,2021-09-17
rec_topo_int_regioes_speciali_ninho_al_cafe,2021-09-17,inactive,campaign,rec_topo_int_regioes_speciali_ninho_al_cafe,548817,1.0689701667405,586669,416,1.27514834,0.070908808885419,748.09,2021-09-17,2021-09-17
rec_topo_int_regioes_casquinha,2021-09-17,inactive,campaign,rec_topo_int_regioes_casquinha,78074,1.0939749468453,85411,103,2.35976631,0.12059336619405,201.55,2021-09-17,2021-09-17
2021_perf_meio_mkt-places-delivery_aon_conv_lead,2021-09-16,active,campaign,2021_perf_meio_mkt-places-delivery_aon_conv_lead,172127,1.0665090311224,183575,1222,11.03418221,0.66566798311317,2025.6,2021-09-16,2021-09-16
2021_brand_topo_mkt-places-delivery_aon_leva-junto-uma-viagem_rec_impressions_principale_brand-lift,2021-09-16,active,campaign,2021_brand_topo_mkt-places-delivery_aon_leva-junto-uma-viagem_rec_impressions_principale_brand-lift,569585,1.0607336920741,604178,630,1.84685639,0.10427390603431,1115.83,2021-09-16,2021-09-16
2021_brand_topo_mkt-places-delivery_aon_primavera_rec_impressions_principale_brand-lift,2021-09-16,active,campaign,2021_brand_topo_mkt-places-delivery_aon_primavera_rec_impressions_principale_brand-lift,972515,1.1110409608078,1080504,808,1.80711964,0.074779917519972,1952.6,2021-09-16,2021-09-16
2021_geral_topo_engaj_aon_engaj_tipo-p,2021-09-16,active,campaign,2021_geral_topo_engaj_aon_engaj_tipo-p,85723,1,85723,116,6.03653629,0.13531957584312,517.47,2021-09-16,2021-09-16
2021_perf_fundo_mkt-places-delivery_aon_conv_lead,2021-09-16,active,campaign,2021_perf_fundo_mkt-places-delivery_aon_conv_lead,120348,1.3122195632665,157923,1058,16.30060219,0.6699467461991,2574.24,2021-09-16,2021-09-16
rec_topo_int_regioes_speciali_ninho_al_cafe,2021-09-16,inactive,campaign,rec_topo_int_regioes_speciali_ninho_al_cafe,604015,1.0368666341068,626283,484,1.27900646,0.077281356830698,801.02,2021-09-16,2021-09-16
rec_topo_int_regioes_casquinha,2021-09-16,inactive,campaign,rec_topo_int_regioes_casquinha,98172,1.0785458175447,105883,141,2.31009699,0.13316585287534,244.6,2021-09-16,2021-09-16
2021_perf_meio_mkt-places-delivery_aon_conv_lead,2021-09-15,active,campaign,2021_perf_meio_mkt-places-delivery_aon_conv_lead,111880,1.0979442259564,122838,1037,11.54829939,0.84420130578485,1418.57,2021-09-15,2021-09-15
2021_perf_fundo_wp_aon_msg_chat_tipo-p,2021-09-15,active,campaign,2021_perf_fundo_wp_aon_msg_chat_tipo-p,1247,1.0497193263833,1309,22,11.03132162,1.6806722689076,14.44,2021-09-15,2021-09-15
2021_brand_topo_mkt-places-delivery_aon_leva-junto-uma-viagem_rec_impressions_principale_brand-lift,2021-09-15,active,campaign,2021_brand_topo_mkt-places-delivery_aon_leva-junto-uma-viagem_rec_impressions_principale_brand-lift,393216,1.0566202799479,415480,430,1.74896505,0.10349475305671,726.66,2021-09-15,2021-09-15
rec_topo_int_regioes_speciali_ninho_al_cafe,2021-09-15,inactive,campaign,rec_topo_int_regioes_speciali_ninho_al_cafe,401339,1.0515449532689,422026,314,1.24008947,0.074402998867368,523.35,2021-09-15,2021-09-15
rec_topo_int_regioes_casquinha,2021-09-15,inactive,campaign,rec_topo_int_regioes_casquinha,83246,1.0796674915311,89878,116,2.32492935,0.12906384209706,208.96,2021-09-15,2021-09-15
2021_geral_topo_engaj_aon_engaj_tipo-p,2021-09-15,active,campaign,2021_geral_topo_engaj_aon_engaj_tipo-p,59175,1.0136375158428,59982,91,5.53699443,0.15171218032076,332.12,2021-09-15,2021-09-15
2021_brand_topo_mkt-places-delivery_aon_primavera_rec_impressions_principale_brand-lift,2021-09-15,active,campaign,2021_brand_topo_mkt-places-delivery_aon_primavera_rec_impressions_principale_brand-lift,691701,1.1114918151051,768820,578,1.66998777,0.07518014619807,1283.92,2021-09-15,2021-09-15
2021_perf_fundo_mkt-places-delivery_aon_conv_lead,2021-09-15,active,campaign,2021_perf_fundo_mkt-places-delivery_aon_conv_lead,93277,1.2709349571706,118549,925,15.50700554,0.78026807480451,1838.34,2021-09-15,2021-09-15
2021_brand_topo_mkt-places-delivery_sazonal_crocante-vegano_rec_impressions_speciali,2021-09-15,inactive,campaign,2021_brand_topo_mkt-places-delivery_sazonal_crocante-vegano_rec_impressions_speciali,11780,1.0108658743633,11908,13,1.34195499,0.10917030567686,15.98,2021-09-15,2021-09-15
2021_brand_topo_mkt-places-delivery_aon_leva-junto-uma-viagem_rec_impressions_principale_brand-lift,2021-09-14,active,campaign,2021_brand_topo_mkt-places-delivery_aon_leva-junto-uma-viagem_rec_impressions_principale_brand-lift,421547,1.0333319890783,435598,351,1.57913948,0.080578882364015,687.87,2021-09-14,2021-09-14
2021_brand_topo_mkt-places-delivery_sazonal_crocante-vegano_rec_impressions_speciali,2021-09-14,inactive,campaign,2021_brand_topo_mkt-places-delivery_sazonal_crocante-vegano_rec_impressions_speciali,397820,1.0684606103263,425055,193,0.91145852,0.045405888649704,387.42,2021-09-14,2021-09-14
rec_topo_int_regioes_speciali_ninho_al_cafe,2021-09-14,inactive,campaign,rec_topo_int_regioes_speciali_ninho_al_cafe,503028,1.0465322009908,526435,387,1.25521669,0.0735133492264,660.79,2021-09-14,2021-09-14
2021_perf_fundo_mkt-places-delivery_aon_conv_lead,2021-09-14,active,campaign,2021_perf_fundo_mkt-places-delivery_aon_conv_lead,115292,1.3698175068522,157929,1317,14.57249777,0.83391903956841,2301.42,2021-09-14,2021-09-14
2021_perf_meio_mkt-places-delivery_aon_conv_lead,2021-09-14,active,campaign,2021_perf_meio_mkt-places-delivery_aon_conv_lead,180278,1.1173188076193,201428,1592,9.88368052,0.79035685207618,1990.85,2021-09-14,2021-09-14
2021_brand_topo_mkt-places-delivery_aon_primavera_rec_impressions_principale_brand-lift,2021-09-14,active,campaign,2021_brand_topo_mkt-places-delivery_aon_primavera_rec_impressions_principale_brand-lift,656600,1.1292126104173,741441,559,1.65440001,0.075393726540615,1226.64,2021-09-14,2021-09-14
2021_perf_fundo_wp_aon_msg_chat_tipo-p,2021-09-14,active,campaign,2021_perf_fundo_wp_aon_msg_chat_tipo-p,2591,1.0957159397916,2839,72,11.74357168,2.5361042620641,33.34,2021-09-14,2021-09-14
rec_topo_int_regioes_casquinha,2021-09-14,inactive,campaign,rec_topo_int_regioes_casquinha,85565,1.0902822415707,93290,99,2.03269375,0.10612069889592,189.63,2021-09-14,2021-09-14
2021_geral_topo_engaj_aon_engaj_tipo-p,2021-09-14,active,campaign,2021_geral_topo_engaj_aon_engaj_tipo-p,69260,1.0201848108576,70658,118,5.90520536,0.16700161340542,417.25,2021-09-14,2021-09-14
2021_perf_fundo_wp_aon_msg_chat_tipo-p,2021-09-13,active,campaign,2021_perf_fundo_wp_aon_msg_chat_tipo-p,1575,1.1098412698413,1748,66,18.89016018,3.7757437070938,33.02,2021-09-13,2021-09-13
2021_brand_topo_mkt-places-delivery_aon_leva-junto-uma-viagem_rec_impressions_principale_brand-lift,2021-09-13,active,campaign,2021_brand_topo_mkt-places-delivery_aon_leva-junto-uma-viagem_rec_impressions_principale_brand-lift,659027,1.055824723418,695817,627,1.57527051,0.090109899585667,1096.1,2021-09-13,2021-09-13
2021_brand_topo_mkt-places-delivery_aon_primavera_rec_impressions_principale_brand-lift,2021-09-13,active,campaign,2021_brand_topo_mkt-places-delivery_aon_primavera_rec_impressions_principale_brand-lift,1063111,1.1452689324069,1217548,977,1.6711374,0.080243242976868,2034.69,2021-09-13,2021-09-13
rec_topo_int_regioes_speciali_ninho_al_cafe,2021-09-13,inactive,campaign,rec_topo_int_regioes_speciali_ninho_al_cafe,527967,1.0467491339421,552649,375,1.01467658,0.067855003808928,560.76,2021-09-13,2021-09-13
2021_perf_meio_mkt-places-delivery_aon_conv_lead,2021-09-13,active,campaign,2021_perf_meio_mkt-places-delivery_aon_conv_lead,134804,1.0872971128453,146572,1060,8.3697432,0.72319406162159,1226.77,2021-09-13,2021-09-13
rec_topo_int_regioes_casquinha,2021-09-13,inactive,campaign,rec_topo_int_regioes_casquinha,77498,1.0929572376061,84702,102,1.83254232,0.12042218601686,155.22,2021-09-13,2021-09-13
2021_geral_topo_engaj_aon_engaj_tipo-p,2021-09-13,active,campaign,2021_geral_topo_engaj_aon_engaj_tipo-p,52794,1.0167632685532,53679,87,5.72737942,0.16207455429498,307.44,2021-09-13,2021-09-13
2021_perf_fundo_mkt-places-delivery_aon_conv_lead,2021-09-13,active,campaign,2021_perf_fundo_mkt-places-delivery_aon_conv_lead,92663,1.294259844814,119930,820,12.40915534,0.68373217710331,1488.23,2021-09-13,2021-09-13
2021_perf_fundo_mkt-places-delivery_aon_conv_lead,2021-09-12,active,campaign,2021_perf_fundo_mkt-places-delivery_aon_conv_lead,128914,1.3215709697938,170369,1586,13.22975424,0.93092053131732,2253.94,2021-09-12,2021-09-12
2021_brand_topo_mkt-places-delivery_aon_primavera_rec_impressions_principale_brand-lift,2021-09-12,active,campaign,2021_brand_topo_mkt-places-delivery_aon_primavera_rec_impressions_principale_brand-lift,1055606,1.1388027351114,1202127,997,1.65403489,0.082936328690729,1988.36,2021-09-12,2021-09-12
2021_geral_topo_engaj_aon_engaj_tipo-p,2021-09-12,active,campaign,2021_geral_topo_engaj_aon_engaj_tipo-p,90132,1.0328074379799,93089,179,5.28440525,0.1922890996788,491.92,2021-09-12,2021-09-12
2021_brand_topo_mkt-places-delivery_aon_leva-junto-uma-viagem_rec_impressions_principale_brand-lift,2021-09-12,active,campaign,2021_brand_topo_mkt-places-delivery_aon_leva-junto-uma-viagem_rec_impressions_principale_brand-lift,706475,1.074748575675,759283,623,1.48110783,0.082051092938996,1124.58,2021-09-12,2021-09-12
2021_perf_meio_mkt-places-delivery_aon_conv_lead,2021-09-12,active,campaign,2021_perf_meio_mkt-places-delivery_aon_conv_lead,190567,1.0875754983811,207256,1947,8.73185819,0.93941791793724,1809.73,2021-09-12,2021-09-12
rec_topo_int_regioes_speciali_ninho_al_cafe,2021-09-12,inactive,campaign,rec_topo_int_regioes_speciali_ninho_al_cafe,759063,1.0429555913014,791669,567,1.02686855,0.071620841538572,812.94,2021-09-12,2021-09-12
rec_topo_int_regioes_casquinha,2021-09-12,inactive,campaign,rec_topo_int_regioes_casquinha,88371,1.1167351280397,98687,127,1.89335981,0.1286896957046,186.85,2021-09-12,2021-09-12
2021_perf_fundo_mkt-places-delivery_aon_conv_lead,2021-09-11,active,campaign,2021_perf_fundo_mkt-places-delivery_aon_conv_lead,118677,1.2985582716112,154109,1379,14.75319417,0.89482119798325,2273.6,2021-09-11,2021-09-11
2021_perf_meio_mkt-places-delivery_aon_conv_lead,2021-09-11,active,campaign,2021_perf_meio_mkt-places-delivery_aon_conv_lead,164642,1.0996525795362,181049,1613,10.49080636,0.89091903296898,1899.35,2021-09-11,2021-09-11
rec_topo_int_regioes_speciali_ninho_al_cafe,2021-09-11,inactive,campaign,rec_topo_int_regioes_speciali_ninho_al_cafe,670128,1.0474461595397,701923,540,1.23261383,0.076931515280166,865.2,2021-09-11,2021-09-11
2021_brand_topo_mkt-places-delivery_aon_leva-junto-uma-viagem_rec_impressions_principale_brand-lift,2021-09-11,active,campaign,2021_brand_topo_mkt-places-delivery_aon_leva-junto-uma-viagem_rec_impressions_principale_brand-lift,710602,1.0412002780741,739879,616,1.59681515,0.083256856864433,1181.45,2021-09-11,2021-09-11
rec_topo_int_regioes_casquinha,2021-09-11,inactive,campaign,rec_topo_int_regioes_casquinha,88410,1.1000678656261,97257,97,2.01394244,0.09973575166826,195.87,2021-09-11,2021-09-11
2021_geral_topo_engaj_aon_engaj_tipo-p,2021-09-11,active,campaign,2021_geral_topo_engaj_aon_engaj_tipo-p,84724,1.0297554411973,87245,159,5.96034157,0.18224540088257,520.01,2021-09-11,2021-09-11
2021_brand_topo_mkt-places-delivery_aon_primavera_rec_impressions_principale_brand-lift,2021-09-11,active,campaign,2021_brand_topo_mkt-places-delivery_aon_primavera_rec_impressions_principale_brand-lift,1015968,1.1371942817097,1155353,933,1.82384085,0.080754539954455,2107.18,2021-09-11,2021-09-11
rec_topo_int_regioes_casquinha,2021-09-10,inactive,campaign,rec_topo_int_regioes_casquinha,63471,1.0526539679539,66813,63,1.92567315,0.09429302680616,128.66,2021-09-10,2021-09-10
2021_brand_topo_mkt-places-delivery_aon_leva-junto-uma-viagem_rec_impressions_principale_brand-lift,2021-09-10,active,campaign,2021_brand_topo_mkt-places-delivery_aon_leva-junto-uma-viagem_rec_impressions_principale_brand-lift,439268,1.0571245799831,464361,420,1.62225079,0.090446872153346,753.31,2021-09-10,2021-09-10
2021_perf_meio_mkt-places-delivery_aon_conv_lead,2021-09-10,active,campaign,2021_perf_meio_mkt-places-delivery_aon_conv_lead,105625,1.0422059171598,110083,952,10.04096909,0.86480201302653,1105.34,2021-09-10,2021-09-10
rec_topo_int_regioes_speciali_ninho_al_cafe,2021-09-10,inactive,campaign,rec_topo_int_regioes_speciali_ninho_al_cafe,409509,1.0538767157743,431572,297,1.27346074,0.068818180975596,549.59,2021-09-10,2021-09-10
2021_brand_topo_mkt-places-delivery_aon_primavera_rec_impressions_principale_brand-lift,2021-09-10,active,campaign,2021_brand_topo_mkt-places-delivery_aon_primavera_rec_impressions_principale_brand-lift,661435,1.1484877576784,759650,526,1.7318107,0.069242414269729,1315.57,2021-09-10,2021-09-10
2021_perf_fundo_mkt-places-delivery_aon_conv_lead,2021-09-10,active,campaign,2021_perf_fundo_mkt-places-delivery_aon_conv_lead,81750,1.2558409785933,102665,916,14.0162665,0.89222227633565,1438.98,2021-09-10,2021-09-10
2021_geral_topo_engaj_aon_engaj_tipo-p,2021-09-10,active,campaign,2021_geral_topo_engaj_aon_engaj_tipo-p,50138,1.0216602177989,51224,111,5.78107918,0.21669529907856,296.13,2021-09-10,2021-09-10
rec_topo_int_regioes_casquinha,2021-09-09,inactive,campaign,rec_topo_int_regioes_casquinha,88774,1.0855205352919,96366,74,1.92329245,0.076790569287923,185.34,2021-09-09,2021-09-09
2021_brand_topo_mkt-places-delivery_aon_leva-junto-uma-viagem_rec_impressions_principale_brand-lift,2021-09-09,active,campaign,2021_brand_topo_mkt-places-delivery_aon_leva-junto-uma-viagem_rec_impressions_principale_brand-lift,693514,1.0534351145038,730572,584,1.47650061,0.079937364147545,1078.69,2021-09-09,2021-09-09
2021_brand_topo_mkt-places-delivery_aon_primavera_rec_impressions_principale_brand-lift,2021-09-09,active,campaign,2021_brand_topo_mkt-places-delivery_aon_primavera_rec_impressions_principale_brand-lift,756431,1.1839030922847,895541,679,1.65480977,0.075820090872445,1481.95,2021-09-09,2021-09-09
2021_perf_fundo_mkt-places-delivery_aon_conv_lead,2021-09-09,active,campaign,2021_perf_fundo_mkt-places-delivery_aon_conv_lead,133635,1.2598121749542,168355,1351,12.34035223,0.80247096908319,2077.56,2021-09-09,2021-09-09
rec_topo_int_regioes_speciali_ninho_al_cafe,2021-09-09,inactive,campaign,rec_topo_int_regioes_speciali_ninho_al_cafe,568199,1.0478934317026,595412,411,1.17968734,0.069027832828361,702.4,2021-09-09,2021-09-09
2021_geral_topo_engaj_aon_engaj_tipo-p,2021-09-09,active,campaign,2021_geral_topo_engaj_aon_engaj_tipo-p,58456,1.0393800465307,60758,83,5.62362158,0.13660752493499,341.68,2021-09-09,2021-09-09
2021_perf_meio_mkt-places-delivery_aon_conv_lead,2021-09-09,active,campaign,2021_perf_meio_mkt-places-delivery_aon_conv_lead,151211,1.0633750190132,160794,1159,8.75586154,0.72079803972785,1407.89,2021-09-09,2021-09-09
2021_brand_topo_mkt-places-delivery_aon_primavera_rec_impressions_principale_brand-lift,2021-09-08,active,campaign,2021_brand_topo_mkt-places-delivery_aon_primavera_rec_impressions_principale_brand-lift,636518,1.1728450727238,746537,550,1.19124705,0.073673508479821,889.31,2021-09-08,2021-09-08
2021_perf_meio_mkt-places-delivery_aon_conv_lead,2021-09-08,active,campaign,2021_perf_meio_mkt-places-delivery_aon_conv_lead,143749,1.0576421401192,152035,1053,7.73236426,0.69260367678495,1175.59,2021-09-08,2021-09-08
2021_perf_fundo_mkt-places-delivery_aon_conv_lead,2021-09-08,active,campaign,2021_perf_fundo_mkt-places-delivery_aon_conv_lead,115852,1.2759814245762,147825,1376,11.51002875,0.93083037375275,1701.47,2021-09-08,2021-09-08
2021_brand_topo_mkt-places-delivery_aon_leva-junto-uma-viagem_rec_impressions_principale_brand-lift,2021-09-08,active,campaign,2021_brand_topo_mkt-places-delivery_aon_leva-junto-uma-viagem_rec_impressions_principale_brand-lift,807733,1.0298180215492,831818,707,1.23200027,0.08499455409717,1024.8,2021-09-08,2021-09-08
2021_geral_topo_engaj_aon_engaj_tipo-p,2021-09-08,active,campaign,2021_geral_topo_engaj_aon_engaj_tipo-p,48251,1.0226316553025,49343,91,5.42224834,0.18442332245709,267.55,2021-09-08,2021-09-08
rec_topo_int_regioes_speciali_ninho_al_cafe,2021-09-08,inactive,campaign,rec_topo_int_regioes_speciali_ninho_al_cafe,723533,1.0503639778697,759973,460,0.85371454,0.060528466142876,648.8,2021-09-08,2021-09-08
rec_topo_int_regioes_casquinha,2021-09-08,inactive,campaign,rec_topo_int_regioes_casquinha,95227,1.0941854726076,104196,110,1.63115667,0.10557027141157,169.96,2021-09-08,2021-09-08
2021_brand_topo_mkt-places-delivery_aon_leva-junto-uma-viagem_rec_impressions_principale_brand-lift,2021-09-07,active,campaign,2021_brand_topo_mkt-places-delivery_aon_leva-junto-uma-viagem_rec_impressions_principale_brand-lift,1059114,1.0714559528058,1134794,967,0.93218681,0.08521370398504,1057.84,2021-09-07,2021-09-07
rec_topo_int_regioes_speciali_ninho_al_cafe,2021-09-07,inactive,campaign,rec_topo_int_regioes_speciali_ninho_al_cafe,1040981,1.0453303182287,1088169,640,0.54605489,0.058814393720093,594.2,2021-09-07,2021-09-07
2021_perf_fundo_mkt-places-delivery_aon_conv_lead,2021-09-07,active,campaign,2021_perf_fundo_mkt-places-delivery_aon_conv_lead,119873,1.2133758227457,145451,1297,8.86394731,0.89170923541261,1289.27,2021-09-07,2021-09-07
rec_topo_int_regioes_casquinha,2021-09-07,inactive,campaign,rec_topo_int_regioes_casquinha,117307,1.09636253591,128611,147,1.36924524,0.11429815490121,176.1,2021-09-07,2021-09-07
2021_geral_topo_engaj_aon_engaj_tipo-p,2021-09-07,active,campaign,2021_geral_topo_engaj_aon_engaj_tipo-p,85728,1.0332330160508,88577,152,4.62343498,0.1716021088996,409.53,2021-09-07,2021-09-07
2021_perf_meio_mkt-places-delivery_aon_conv_lead,2021-09-07,active,campaign,2021_perf_meio_mkt-places-delivery_aon_conv_lead,143672,1.0596288768862,152239,1152,5.60835266,0.7567049179251,853.81,2021-09-07,2021-09-07
rec_topo_int_regioes_speciali_ninho_al_cafe,2021-09-06,inactive,campaign,rec_topo_int_regioes_speciali_ninho_al_cafe,362147,1.0127821022955,366776,196,0.52506162,0.053438611032347,192.58,2021-09-06,2021-09-06
2021_brand_topo_mkt-places-delivery_aon_leva-junto-uma-viagem_rec_impressions_principale_brand-lift,2021-09-06,active,campaign,2021_brand_topo_mkt-places-delivery_aon_leva-junto-uma-viagem_rec_impressions_principale_brand-lift,955037,1.0397094562828,992961,873,1.02130899,0.087918860861605,1014.12,2021-09-06,2021-09-06
2021_perf_fundo_mkt-places-delivery_aon_conv_lead,2021-09-06,active,campaign,2021_perf_fundo_mkt-places-delivery_aon_conv_lead,78492,1.1986699281455,94086,790,10.10936802,0.83965733477882,951.15,2021-09-06,2021-09-06
rec_topo_int_regioes_casquinha,2021-09-06,inactive,campaign,rec_topo_int_regioes_casquinha,104922,1.0803453994396,113352,132,1.51360364,0.11645140800339,171.57,2021-09-06,2021-09-06
2021_geral_topo_engaj_aon_engaj_tipo-p,2021-09-06,active,campaign,2021_geral_topo_engaj_aon_engaj_tipo-p,66043,1.0505882531078,69384,85,5.52216649,0.12250662977055,383.15,2021-09-06,2021-09-06
2021_perf_meio_mkt-places-delivery_aon_conv_lead,2021-09-06,active,campaign,2021_perf_meio_mkt-places-delivery_aon_conv_lead,92121,1.0462869486871,96385,764,6.56668569,0.79265445868133,632.93,2021-09-06,2021-09-06
2021_geral_topo_engaj_aon_engaj_tipo-p,2021-09-05,active,campaign,2021_geral_topo_engaj_aon_engaj_tipo-p,75903,1.0589963506054,80381,124,6.32226521,0.1542653114542,508.19,2021-09-05,2021-09-05
rec_topo_int_regioes_casquinha,2021-09-05,inactive,campaign,rec_topo_int_regioes_casquinha,93951,1.1084607933923,104141,123,1.67522878,0.11810910208275,174.46,2021-09-05,2021-09-05
2021_brand_topo_mkt-places-delivery_aon_leva-junto-uma-viagem_rec_impressions_principale_brand-lift,2021-09-05,active,campaign,2021_brand_topo_mkt-places-delivery_aon_leva-junto-uma-viagem_rec_impressions_principale_brand-lift,886510,1.0612480400672,940807,932,1.0976534,0.099063888767834,1032.68,2021-09-05,2021-09-05
2021_perf_fundo_mkt-places-delivery_aon_conv_lead,2021-09-05,active,campaign,2021_perf_fundo_mkt-places-delivery_aon_conv_lead,75438,1.2189612662054,91956,856,9.40145287,0.9308799860803,864.52,2021-09-05,2021-09-05
2021_perf_meio_mkt-places-delivery_aon_conv_lead,2021-09-05,active,campaign,2021_perf_meio_mkt-places-delivery_aon_conv_lead,80973,1.0431995850469,84471,690,6.82518261,0.81684838583656,576.53,2021-09-05,2021-09-05
traf_site_meio_lal,2021-09-05,inactive,campaign,traf_site_meio_lal,0,0,0,,,,0,2021-09-05,2021-09-05
2021_perf_meio_mkt-places-delivery_aon_conv_lead,2021-09-04,active,campaign,2021_perf_meio_mkt-places-delivery_aon_conv_lead,64750,1.0759382239382,69667,677,9.05177487,0.97176568533165,630.61,2021-09-04,2021-09-04
2021_brand_topo_mkt-places-delivery_aon_leva-junto-uma-viagem_rec_impressions_principale_brand-lift,2021-09-04,active,campaign,2021_brand_topo_mkt-places-delivery_aon_leva-junto-uma-viagem_rec_impressions_principale_brand-lift,834376,1.059384498116,883925,776,1.26421359,0.087790253697995,1117.47,2021-09-04,2021-09-04
rec_topo_int_regioes_casquinha,2021-09-04,inactive,campaign,rec_topo_int_regioes_casquinha,88714,1.0888134905426,96593,115,1.89361548,0.11905624631184,182.91,2021-09-04,2021-09-04
2021_geral_topo_engaj_aon_engaj_tipo-p,2021-09-04,active,campaign,2021_geral_topo_engaj_aon_engaj_tipo-p,72602,1.0626153549489,77148,150,7.16881838,0.19443148234562,553.06,2021-09-04,2021-09-04
2021_perf_fundo_mkt-places-delivery_aon_conv_lead,2021-09-04,active,campaign,2021_perf_fundo_mkt-places-delivery_aon_conv_lead,66936,1.2134277518824,81222,763,11.87510773,0.93940065499495,964.52,2021-09-04,2021-09-04
rec_topo_int_regioes_casquinha,2021-09-03,inactive,campaign,rec_topo_int_regioes_casquinha,94202,1.1222903972315,105722,121,1.73634627,0.11445110762188,183.57,2021-09-03,2021-09-03
2021_perf_meio_mkt-places-delivery_aon_conv_lead,2021-09-03,active,campaign,2021_perf_meio_mkt-places-delivery_aon_conv_lead,79817,1.0625806532443,84812,920,10.86060935,1.0847521577135,921.11,2021-09-03,2021-09-03
2021_perf_fundo_mkt-places-delivery_aon_conv_lead,2021-09-03,active,campaign,2021_perf_fundo_mkt-places-delivery_aon_conv_lead,49823,1.2544005780463,62498,683,14.33309866,1.0928349707191,895.79,2021-09-03,2021-09-03
2021_geral_topo_engaj_aon_engaj_tipo-p,2021-09-03,active,campaign,2021_geral_topo_engaj_aon_engaj_tipo-p,63598,1.0601434007359,67423,102,7.17811429,0.1512836865758,483.97,2021-09-03,2021-09-03
traf_site_meio_lal,2021-09-03,inactive,campaign,traf_site_meio_lal,0,0,0,,,,0,2021-09-03,2021-09-03
2021_brand_topo_mkt-places-delivery_aon_leva-junto-uma-viagem_rec_impressions_principale_brand-lift,2021-09-03,active,campaign,2021_brand_topo_mkt-places-delivery_aon_leva-junto-uma-viagem_rec_impressions_principale_brand-lift,820450,1.050519836675,861899,686,1.26606482,0.079591692298053,1091.22,2021-09-03,2021-09-03
traf_site_meio_lal,2021-09-02,inactive,campaign,traf_site_meio_lal,0,0,0,,,,0,2021-09-02,2021-09-02
rec_topo_int_regioes_casquinha,2021-09-02,inactive,campaign,rec_topo_int_regioes_casquinha,97678,1.0764655295972,105147,114,1.71207928,0.10841964107393,180.02,2021-09-02,2021-09-02
2021_geral_topo_engaj_aon_engaj_tipo-p,2021-09-02,active,campaign,2021_geral_topo_engaj_aon_engaj_tipo-p,41551,1.0588433491372,43996,70,7.13723975,0.15910537321575,314.01,2021-09-02,2021-09-02
2021_brand_topo_mkt-places-delivery_aon_leva-junto-uma-viagem_rec_impressions_principale_brand-lift,2021-09-02,active,campaign,2021_brand_topo_mkt-places-delivery_aon_leva-junto-uma-viagem_rec_impressions_principale_brand-lift,938225,1.0430323216712,978599,631,1.01129267,0.06447993509088,989.65,2021-09-02,2021-09-02
2021_perf_fundo_mkt-places-delivery_aon_conv_lead,2021-09-02,active,campaign,2021_perf_fundo_mkt-places-delivery_aon_conv_lead,58064,1.2220136401212,70955,770,12.89916144,1.0851948418011,915.26,2021-09-02,2021-09-02
2021_perf_meio_mkt-places-delivery_aon_conv_lead,2021-09-02,active,campaign,2021_perf_meio_mkt-places-delivery_aon_conv_lead,103101,1.04781718897,108031,1200,9.92622488,1.1107922725884,1072.34,2021-09-02,2021-09-02
2021_perf_meio_mkt-places-delivery_aon_conv_lead,2021-09-01,active,campaign,2021_perf_meio_mkt-places-delivery_aon_conv_lead,121021,1.0574611017923,127975,1106,7.50130885,0.86423129517484,959.98,2021-09-01,2021-09-01
rec_topo_int_regioes_principale_leva_junto_uma_viagem,2021-09-01,inactive,campaign,rec_topo_int_regioes_principale_leva_junto_uma_viagem,0,0,0,,,,0,2021-09-01,2021-09-01
2021_brand_topo_mkt-places-delivery_aon_leva-junto-uma-viagem_rec_impressions_principale_brand-lift,2021-09-01,active,campaign,2021_brand_topo_mkt-places-delivery_aon_leva-junto-uma-viagem_rec_impressions_principale_brand-lift,1128142,1.0639680111192,1200307,656,0.80464415,0.054652684688167,965.82,2021-09-01,2021-09-01
2021_perf_fundo_mkt-places-delivery_aon_conv_lead,2021-09-01,active,campaign,2021_perf_fundo_mkt-places-delivery_aon_conv_lead,55404,1.1801494476933,65385,716,13.00420586,1.0950523820448,850.28,2021-09-01,2021-09-01
2021_geral_topo_engaj_aon_engaj_tipo-p,2021-09-01,active,campaign,2021_geral_topo_engaj_aon_engaj_tipo-p,64847,1.055715761716,68460,98,4.73736488,0.14314928425358,324.32,2021-09-01,2021-09-01
trafego_delivery_clique_rappi,2021-09-01,inactive,campaign,trafego_delivery_clique_rappi,0,0,0,,,,0,2021-09-01,2021-09-01
rec_topo_int_regioes_casquinha,2021-09-01,inactive,campaign,rec_topo_int_regioes_casquinha,99198,1.1622310933688,115291,117,1.57089452,0.10148233600194,181.11,2021-09-01,2021-09-01
traf_site_meio_lal,2021-09-01,inactive,campaign,traf_site_meio_lal,0,0,0,,,,0,2021-09-01,2021-09-01
