"Início dos relatórios","Término dos relatórios","Nome da campanha",Alcance,Impressões,"Valor gasto (BRL)","CTR (taxa de cliques no link)","Cliques no link",Frequência
2021-09-30,2021-09-30,2021_brand_topo_mkt-places-delivery_sazonal_dia-das-crianças_rec_impressions_interesses_tipo-m,299248,332526,573.4,0.07037,234,1.111205
2021-09-30,2021-09-30,conv_lp_semana_do_gelato,0,0,0,,,0
2021-09-30,2021-09-30,rec_topo_int_regioes_casquinha,72059,77527,225.23,0.136727,106,1.075882
2021-09-30,2021-09-30,2021_perf_fundo_wp_aon_msg_chat_tipo-p,10383,11521,174.82,1.388768,160,1.109602
2021-09-30,2021-09-30,2021_brand_topo_mkt-places-delivery_aon_leva-junto-uma-viagem_rec_impressions_principale_brand-lift,530297,552945,1430.46,0.132744,734,1.042708
2021-09-30,2021-09-30,2021_brand_topo_mkt-places-delivery_aon_primavera_rec_impressions_principale_brand-lift,618468,679020,1813.47,0.11929,810,1.097906
2021-09-30,2021-09-30,2021_brand_topo_mkt-places-delivery_sazonal_crocante-vegano_rec_impressions_speciali,524663,552491,1051.37,0.087241,482,1.05304
2021-09-30,2021-09-30,2021_perf_meio_mkt-places-delivery_aon_conv_lead,218739,234171,2255.91,0.755858,1770,1.07055
2021-09-30,2021-09-30,2021_perf_fundo_mkt-places-delivery_aon_conv_lead,109017,130988,1822.58,1.083305,1419,1.201537
2021-09-30,2021-09-30,2021_geral_topo_engaj_aon_engaj_tipo-p,44773,47959,813.1,0.100085,48,1.071159
2021-09-29,2021-09-29,2021_brand_topo_mkt-places-delivery_sazonal_dia-das-crianças_rec_impressions_interesses_tipo-m,185948,208748,347.29,0.062755,131,1.122615
2021-09-29,2021-09-29,conv_lp_semana_do_gelato,0,0,0,,,0
2021-09-29,2021-09-29,rec_topo_int_regioes_casquinha,70682,77091,213.81,0.116745,90,1.090674
2021-09-29,2021-09-29,2021_perf_fundo_wp_aon_msg_chat_tipo-p,9853,10795,164.42,1.72302,186,1.095605
2021-09-29,2021-09-29,2021_brand_topo_mkt-places-delivery_aon_leva-junto-uma-viagem_rec_impressions_principale_brand-lift,559471,591170,1588.7,0.120777,714,1.056659
2021-09-29,2021-09-29,2021_brand_topo_mkt-places-delivery_aon_primavera_rec_impressions_principale_brand-lift,991431,1081310,2901.3,0.098954,1070,1.090656
2021-09-29,2021-09-29,2021_brand_topo_mkt-places-delivery_sazonal_crocante-vegano_rec_impressions_speciali,528482,548765,1021.05,0.079633,437,1.03838
2021-09-29,2021-09-29,2021_perf_meio_mkt-places-delivery_aon_conv_lead,245498,267654,2321.79,0.593303,1588,1.090249
2021-09-29,2021-09-29,2021_perf_fundo_mkt-places-delivery_aon_conv_lead,153083,205549,3211.41,0.700076,1439,1.342729
2021-09-29,2021-09-29,2021_geral_topo_engaj_aon_engaj_tipo-p,46392,50363,790.92,0.129063,65,1.085597
2021-09-28,2021-09-28,conv_lp_semana_do_gelato,0,0,0,,,0
2021-09-28,2021-09-28,rec_topo_int_regioes_casquinha,72174,74499,181.95,0.120807,90,1.032214
2021-09-28,2021-09-28,2021_perf_fundo_wp_aon_msg_chat_tipo-p,5367,6116,90.38,1.716808,105,1.139557
2021-09-28,2021-09-28,2021_brand_topo_mkt-places-delivery_aon_leva-junto-uma-viagem_rec_impressions_principale_brand-lift,572020,580320,1376.34,0.110973,644,1.01451
2021-09-28,2021-09-28,2021_brand_topo_mkt-places-delivery_aon_primavera_rec_impressions_principale_brand-lift,974825,1057865,2467.64,0.098595,1043,1.085185
2021-09-28,2021-09-28,2021_brand_topo_mkt-places-delivery_sazonal_crocante-vegano_rec_impressions_speciali,569843,606632,932.41,0.078466,476,1.06456
2021-09-28,2021-09-28,2021_perf_meio_mkt-places-delivery_aon_conv_lead,218042,236605,2222.78,0.600579,1421,1.085135
2021-09-28,2021-09-28,2021_perf_fundo_mkt-places-delivery_aon_conv_lead,144638,191533,2799.39,0.535678,1026,1.324223
2021-09-28,2021-09-28,2021_geral_topo_engaj_aon_engaj_tipo-p,53277,57327,785.43,0.150017,86,1.076018
2021-09-27,2021-09-27,conv_lp_semana_do_gelato,0,0,0,,,0
2021-09-27,2021-09-27,rec_topo_int_regioes_casquinha,55869,61341,138.44,0.101074,62,1.097943
2021-09-27,2021-09-27,2021_perf_fundo_wp_aon_msg_chat_tipo-p,4639,5389,84.11,1.484505,80,1.161673
2021-09-27,2021-09-27,2021_brand_topo_mkt-places-delivery_aon_leva-junto-uma-viagem_rec_impressions_principale_brand-lift,624743,636403,1403.53,0.104494,665,1.018664
2021-09-27,2021-09-27,2021_brand_topo_mkt-places-delivery_aon_primavera_rec_impressions_principale_brand-lift,1041110,1179230,2527.1,0.094214,1111,1.132666
2021-09-27,2021-09-27,2021_brand_topo_mkt-places-delivery_sazonal_crocante-vegano_rec_impressions_speciali,479725,517708,649.7,0.071469,370,1.079177
2021-09-27,2021-09-27,2021_perf_meio_mkt-places-delivery_aon_conv_lead,158487,170847,1460.75,0.529714,905,1.077987
2021-09-27,2021-09-27,2021_perf_fundo_mkt-places-delivery_aon_conv_lead,138874,190430,2751.91,0.520401,991,1.371243
2021-09-27,2021-09-27,2021_geral_topo_engaj_aon_engaj_tipo-p,64059,68146,619.38,0.093916,64,1.063801
2021-09-26,2021-09-26,conv_lp_semana_do_gelato,370300,437129,6108.56,0.922153,4031,1.180473
2021-09-26,2021-09-26,rec_topo_int_regioes_casquinha,90943,97626,220.54,0.096286,94,1.073486
2021-09-26,2021-09-26,2021_perf_fundo_wp_aon_msg_chat_tipo-p,8717,9543,244.73,2.011946,192,1.094757
2021-09-26,2021-09-26,2021_brand_topo_mkt-places-delivery_aon_leva-junto-uma-viagem_rec_impressions_principale_brand-lift,636535,669928,1410.4,0.101951,683,1.052461
2021-09-26,2021-09-26,2021_brand_topo_mkt-places-delivery_aon_primavera_rec_impressions_principale_brand-lift,1071092,1202956,2543.84,0.09726,1170,1.123112
2021-09-26,2021-09-26,2021_brand_topo_mkt-places-delivery_sazonal_crocante-vegano_rec_impressions_speciali,865651,899258,1102.9,0.0675,607,1.038823
2021-09-26,2021-09-26,2021_perf_meio_mkt-places-delivery_aon_conv_lead,216700,230817,2084.81,0.596143,1376,1.065145
2021-09-26,2021-09-26,2021_perf_fundo_mkt-places-delivery_aon_conv_lead,141726,196725,2958.18,0.584572,1150,1.388066
2021-09-26,2021-09-26,2021_geral_topo_engaj_aon_engaj_tipo-p,108766,109872,679.26,0.100116,110,1.010169
2021-09-25,2021-09-25,conv_lp_semana_do_gelato,368942,435412,6678.31,1.052796,4584,1.180164
2021-09-25,2021-09-25,rec_topo_int_regioes_casquinha,82282,89937,228.14,0.128979,116,1.093034
2021-09-25,2021-09-25,2021_perf_fundo_wp_aon_msg_chat_tipo-p,5642,6047,145.19,1.289896,78,1.071783
2021-09-25,2021-09-25,2021_brand_topo_mkt-places-delivery_aon_leva-junto-uma-viagem_rec_impressions_principale_brand-lift,607967,634920,1518.92,0.116393,739,1.044333
2021-09-25,2021-09-25,2021_brand_topo_mkt-places-delivery_aon_primavera_rec_impressions_principale_brand-lift,1031874,1142881,2749.15,0.095023,1086,1.107578
2021-09-25,2021-09-25,2021_brand_topo_mkt-places-delivery_sazonal_crocante-vegano_rec_impressions_speciali,767314,800880,1204.02,0.074418,596,1.043745
2021-09-25,2021-09-25,2021_perf_meio_mkt-places-delivery_aon_conv_lead,158892,169200,1961.14,0.679078,1149,1.064874
2021-09-25,2021-09-25,2021_perf_fundo_mkt-places-delivery_aon_conv_lead,140023,193600,3380.96,0.682335,1321,1.38263
2021-09-25,2021-09-25,2021_geral_topo_engaj_aon_engaj_tipo-p,99350,103491,783.03,0.126581,131,1.041681
2021-09-24,2021-09-24,conv_lp_semana_do_gelato,545396,644066,9192.42,0.961858,6195,1.180914
2021-09-24,2021-09-24,rec_topo_int_regioes_casquinha,89648,96260,241.81,0.110118,106,1.073755
2021-09-24,2021-09-24,2021_perf_fundo_wp_aon_msg_chat_tipo-p,2642,2860,48.92,1.188811,34,1.082513
2021-09-24,2021-09-24,2021_brand_topo_mkt-places-delivery_aon_leva-junto-uma-viagem_rec_impressions_principale_brand-lift,533502,558618,1343.59,0.101859,569,1.047078
2021-09-24,2021-09-24,2021_brand_topo_mkt-places-delivery_aon_primavera_rec_impressions_principale_brand-lift,928755,1028477,2439.87,0.0913,939,1.107372
2021-09-24,2021-09-24,2021_brand_topo_mkt-places-delivery_sazonal_crocante-vegano_rec_impressions_speciali,774130,825215,1256.69,0.071739,592,1.06599
2021-09-24,2021-09-24,2021_perf_meio_mkt-places-delivery_aon_conv_lead,143068,154147,1728.07,0.623431,961,1.077439
2021-09-24,2021-09-24,2021_perf_fundo_mkt-places-delivery_aon_conv_lead,126718,170415,2973.49,0.644896,1099,1.344837
2021-09-24,2021-09-24,2021_geral_topo_engaj_aon_engaj_tipo-p,92111,96127,699.36,0.121714,117,1.0436
2021-09-23,2021-09-23,conv_lp_semana_do_gelato,432714,496967,6948.37,1.112951,5531,1.148488
2021-09-23,2021-09-23,rec_topo_int_regioes_casquinha,71697,76455,201.55,0.105945,81,1.066363
2021-09-23,2021-09-23,2021_perf_fundo_wp_aon_msg_chat_tipo-p,4654,4959,75.52,1.451906,72,1.065535
2021-09-23,2021-09-23,2021_brand_topo_mkt-places-delivery_aon_leva-junto-uma-viagem_rec_impressions_principale_brand-lift,414818,435298,964.21,0.105675,460,1.049371
2021-09-23,2021-09-23,2021_brand_topo_mkt-places-delivery_aon_primavera_rec_impressions_principale_brand-lift,729679,796868,1733.49,0.092111,734,1.09208
2021-09-23,2021-09-23,2021_brand_topo_mkt-places-delivery_sazonal_crocante-vegano_rec_impressions_speciali,554968,574899,924.55,0.078101,449,1.035914
2021-09-23,2021-09-23,2021_perf_meio_mkt-places-delivery_aon_conv_lead,112177,115851,1227.74,0.645657,748,1.032752
2021-09-23,2021-09-23,2021_perf_fundo_mkt-places-delivery_aon_conv_lead,103123,131141,2133.61,0.634432,832,1.271695
2021-09-23,2021-09-23,2021_geral_topo_engaj_aon_engaj_tipo-p,69773,71226,404.9,0.084239,60,1.020825
2021-09-22,2021-09-22,conv_lp_semana_do_gelato,194876,224803,3023.46,1.501314,3375,1.153569
2021-09-22,2021-09-22,rec_topo_int_regioes_casquinha,91051,98986,222.88,0.143455,142,1.087149
2021-09-22,2021-09-22,2021_perf_fundo_wp_aon_msg_chat_tipo-p,2418,2516,39.49,1.510334,38,1.040529
2021-09-22,2021-09-22,2021_brand_topo_mkt-places-delivery_aon_leva-junto-uma-viagem_rec_impressions_principale_brand-lift,564608,581645,1179.41,0.122927,715,1.030175
2021-09-22,2021-09-22,2021_brand_topo_mkt-places-delivery_aon_primavera_rec_impressions_principale_brand-lift,946132,1020755,2146.13,0.110115,1124,1.078872
2021-09-22,2021-09-22,2021_brand_topo_mkt-places-delivery_sazonal_crocante-vegano_rec_impressions_speciali,562142,598501,707.7,0.073851,442,1.064679
2021-09-22,2021-09-22,2021_perf_meio_mkt-places-delivery_aon_conv_lead,162959,174019,1730.83,0.700498,1219,1.06787
2021-09-22,2021-09-22,2021_perf_fundo_mkt-places-delivery_aon_conv_lead,90473,120238,1952.4,0.642892,773,1.328993
2021-09-22,2021-09-22,2021_geral_topo_engaj_aon_engaj_tipo-p,63246,64440,301.42,0.097765,63,1.018879
2021-09-21,2021-09-21,conv_lp_semana_do_gelato,208316,250847,2996.43,1.710206,4290,1.204166
2021-09-21,2021-09-21,rec_topo_int_regioes_casquinha,80255,87191,196.04,0.123866,108,1.086425
2021-09-21,2021-09-21,2021_perf_fundo_wp_aon_msg_chat_tipo-p,1470,1561,27.17,2.370275,37,1.061905
2021-09-21,2021-09-21,2021_brand_topo_mkt-places-delivery_aon_leva-junto-uma-viagem_rec_impressions_principale_brand-lift,529780,554432,1058.03,0.099922,554,1.046533
2021-09-21,2021-09-21,2021_brand_topo_mkt-places-delivery_aon_primavera_rec_impressions_principale_brand-lift,848985,954300,1884.72,0.095567,912,1.124048
2021-09-21,2021-09-21,2021_brand_topo_mkt-places-delivery_sazonal_crocante-vegano_rec_impressions_speciali,639478,696848,884.7,0.069599,485,1.089714
2021-09-21,2021-09-21,rec_topo_int_regioes_speciali_ninho_al_cafe,0,0,0,,,0
2021-09-21,2021-09-21,2021_perf_meio_mkt-places-delivery_aon_conv_lead,191161,201415,1751.52,0.680684,1371,1.053641
2021-09-21,2021-09-21,2021_perf_fundo_mkt-places-delivery_aon_conv_lead,101115,133567,2125.98,0.723981,967,1.320942
2021-09-21,2021-09-21,2021_geral_topo_engaj_aon_engaj_tipo-p,101277,104722,570.61,0.105995,111,1.034016
2021-09-20,2021-09-20,conv_lp_semana_do_gelato,210298,237141,2403.22,1.758448,4170,1.127643
2021-09-20,2021-09-20,rec_topo_int_regioes_casquinha,70333,76076,148.56,0.114359,87,1.081654
2021-09-20,2021-09-20,2021_brand_topo_mkt-places-delivery_aon_leva-junto-uma-viagem_rec_impressions_principale_brand-lift,501749,508297,796.85,0.09404,478,1.01305
2021-09-20,2021-09-20,2021_brand_topo_mkt-places-delivery_aon_primavera_rec_impressions_principale_brand-lift,779244,863022,1385.68,0.076823,663,1.107512
2021-09-20,2021-09-20,rec_topo_int_regioes_speciali_ninho_al_cafe,447478,468263,520.42,0.068765,322,1.046449
2021-09-20,2021-09-20,2021_perf_meio_mkt-places-delivery_aon_conv_lead,140855,148571,1075.6,0.685194,1018,1.05478
2021-09-20,2021-09-20,2021_perf_fundo_mkt-places-delivery_aon_conv_lead,88478,114075,1347.58,0.609248,695,1.289304
2021-09-20,2021-09-20,2021_geral_topo_engaj_aon_engaj_tipo-p,65998,66679,391.63,0.104981,70,1.010318
2021-09-19,2021-09-19,rec_topo_int_regioes_casquinha,89567,98107,191.55,0.1162,114,1.095348
2021-09-19,2021-09-19,2021_brand_topo_mkt-places-delivery_aon_leva-junto-uma-viagem_rec_impressions_principale_brand-lift,600697,621035,1009.87,0.100477,624,1.033857
2021-09-19,2021-09-19,2021_brand_topo_mkt-places-delivery_aon_primavera_rec_impressions_principale_brand-lift,967419,1073309,1802.44,0.076865,825,1.109456
2021-09-19,2021-09-19,rec_topo_int_regioes_speciali_ninho_al_cafe,637560,651909,731.71,0.073783,481,1.022506
2021-09-19,2021-09-19,2021_perf_meio_mkt-places-delivery_aon_conv_lead,237566,256287,1987.1,0.732772,1878,1.078803
2021-09-19,2021-09-19,2021_perf_fundo_mkt-places-delivery_aon_conv_lead,143102,188107,2343.12,0.662389,1246,1.314496
2021-09-19,2021-09-19,2021_geral_topo_engaj_aon_engaj_tipo-p,98000,99546,518.6,0.156711,156,1.015776
2021-09-18,2021-09-18,rec_topo_int_regioes_casquinha,80639,88429,198.98,0.13231,117,1.096603
2021-09-18,2021-09-18,2021_brand_topo_mkt-places-delivery_aon_leva-junto-uma-viagem_rec_impressions_principale_brand-lift,567540,585459,1063.58,0.076009,445,1.031573
2021-09-18,2021-09-18,2021_brand_topo_mkt-places-delivery_aon_primavera_rec_impressions_principale_brand-lift,854264,954891,1911.38,0.080219,766,1.117794
2021-09-18,2021-09-18,rec_topo_int_regioes_speciali_ninho_al_cafe,559988,589377,774.42,0.075164,443,1.052481
2021-09-18,2021-09-18,2021_perf_meio_mkt-places-delivery_aon_conv_lead,199298,215081,2236.31,0.74995,1613,1.079193
2021-09-18,2021-09-18,2021_perf_fundo_mkt-places-delivery_aon_conv_lead,131229,172075,2683.67,0.687491,1183,1.311257
2021-09-18,2021-09-18,2021_geral_topo_engaj_aon_engaj_tipo-p,95457,98132,584.46,0.144703,142,1.028023
2021-09-17,2021-09-17,rec_topo_int_regioes_casquinha,78074,85411,201.55,0.120593,103,1.093975
2021-09-17,2021-09-17,2021_brand_topo_mkt-places-delivery_aon_leva-junto-uma-viagem_rec_impressions_principale_brand-lift,524512,546641,1012.06,0.086528,473,1.04219
2021-09-17,2021-09-17,2021_brand_topo_mkt-places-delivery_aon_primavera_rec_impressions_principale_brand-lift,854996,936655,1778.43,0.079111,741,1.095508
2021-09-17,2021-09-17,rec_topo_int_regioes_speciali_ninho_al_cafe,548817,586669,748.09,0.070909,416,1.06897
2021-09-17,2021-09-17,2021_perf_meio_mkt-places-delivery_aon_conv_lead,144409,162851,1849.21,0.65213,1062,1.127707
2021-09-17,2021-09-17,2021_perf_fundo_mkt-places-delivery_aon_conv_lead,101687,136097,2263.64,0.696562,948,1.338391
2021-09-17,2021-09-17,2021_geral_topo_engaj_aon_engaj_tipo-p,84858,87346,579.05,0.149978,131,1.02932
2021-09-16,2021-09-16,rec_topo_int_regioes_casquinha,98172,105883,244.6,0.133166,141,1.078546
2021-09-16,2021-09-16,2021_brand_topo_mkt-places-delivery_aon_leva-junto-uma-viagem_rec_impressions_principale_brand-lift,569585,604178,1115.83,0.104274,630,1.060734
2021-09-16,2021-09-16,2021_brand_topo_mkt-places-delivery_aon_primavera_rec_impressions_principale_brand-lift,972515,1080504,1952.6,0.07478,808,1.111041
2021-09-16,2021-09-16,rec_topo_int_regioes_speciali_ninho_al_cafe,604015,626283,801.02,0.077281,484,1.036867
2021-09-16,2021-09-16,2021_perf_meio_mkt-places-delivery_aon_conv_lead,172127,183575,2025.6,0.665668,1222,1.066509
2021-09-16,2021-09-16,2021_perf_fundo_mkt-places-delivery_aon_conv_lead,120348,157923,2574.24,0.669947,1058,1.31222
2021-09-16,2021-09-16,2021_geral_topo_engaj_aon_engaj_tipo-p,85723,85723,517.47,0.13532,116,1
2021-09-15,2021-09-15,rec_topo_int_regioes_casquinha,83246,89878,208.96,0.129064,116,1.079667
2021-09-15,2021-09-15,2021_perf_fundo_wp_aon_msg_chat_tipo-p,1247,1309,14.44,1.680672,22,1.049719
2021-09-15,2021-09-15,2021_brand_topo_mkt-places-delivery_aon_leva-junto-uma-viagem_rec_impressions_principale_brand-lift,393216,415480,726.66,0.103495,430,1.05662
2021-09-15,2021-09-15,2021_brand_topo_mkt-places-delivery_aon_primavera_rec_impressions_principale_brand-lift,691701,768820,1283.92,0.07518,578,1.111492
2021-09-15,2021-09-15,2021_brand_topo_mkt-places-delivery_sazonal_crocante-vegano_rec_impressions_speciali,11780,11908,15.98,0.10917,13,1.010866
2021-09-15,2021-09-15,rec_topo_int_regioes_speciali_ninho_al_cafe,401339,422026,523.35,0.074403,314,1.051545
2021-09-15,2021-09-15,2021_perf_meio_mkt-places-delivery_aon_conv_lead,111880,122838,1418.57,0.844201,1037,1.097944
2021-09-15,2021-09-15,2021_perf_fundo_mkt-places-delivery_aon_conv_lead,93277,118549,1838.34,0.780268,925,1.270935
2021-09-15,2021-09-15,2021_geral_topo_engaj_aon_engaj_tipo-p,59175,59982,332.12,0.151712,91,1.013638
2021-09-14,2021-09-14,rec_topo_int_regioes_casquinha,85565,93290,189.63,0.106121,99,1.090282
2021-09-14,2021-09-14,2021_perf_fundo_wp_aon_msg_chat_tipo-p,2591,2839,33.34,2.536104,72,1.095716
2021-09-14,2021-09-14,2021_brand_topo_mkt-places-delivery_aon_leva-junto-uma-viagem_rec_impressions_principale_brand-lift,421547,435598,687.87,0.080579,351,1.033332
2021-09-14,2021-09-14,2021_brand_topo_mkt-places-delivery_aon_primavera_rec_impressions_principale_brand-lift,656600,741441,1226.64,0.075394,559,1.129213
2021-09-14,2021-09-14,2021_brand_topo_mkt-places-delivery_sazonal_crocante-vegano_rec_impressions_speciali,397820,425055,387.42,0.045406,193,1.068461
2021-09-14,2021-09-14,rec_topo_int_regioes_speciali_ninho_al_cafe,503028,526435,660.79,0.073513,387,1.046532
2021-09-14,2021-09-14,2021_perf_meio_mkt-places-delivery_aon_conv_lead,180278,201428,1990.85,0.790357,1592,1.117319
2021-09-14,2021-09-14,2021_perf_fundo_mkt-places-delivery_aon_conv_lead,115292,157929,2301.42,0.833919,1317,1.369818
2021-09-14,2021-09-14,2021_geral_topo_engaj_aon_engaj_tipo-p,69260,70658,417.25,0.167002,118,1.020185
2021-09-13,2021-09-13,rec_topo_int_regioes_casquinha,77498,84702,155.22,0.120422,102,1.092957
2021-09-13,2021-09-13,2021_perf_fundo_wp_aon_msg_chat_tipo-p,1575,1748,33.02,3.775744,66,1.109841
2021-09-13,2021-09-13,2021_brand_topo_mkt-places-delivery_aon_leva-junto-uma-viagem_rec_impressions_principale_brand-lift,659027,695817,1096.1,0.09011,627,1.055825
2021-09-13,2021-09-13,2021_brand_topo_mkt-places-delivery_aon_primavera_rec_impressions_principale_brand-lift,1063111,1217548,2034.69,0.080243,977,1.145269
2021-09-13,2021-09-13,rec_topo_int_regioes_speciali_ninho_al_cafe,527967,552649,560.76,0.067855,375,1.046749
2021-09-13,2021-09-13,2021_perf_meio_mkt-places-delivery_aon_conv_lead,134804,146572,1226.77,0.723194,1060,1.087297
2021-09-13,2021-09-13,2021_perf_fundo_mkt-places-delivery_aon_conv_lead,92663,119930,1488.23,0.683732,820,1.29426
2021-09-13,2021-09-13,2021_geral_topo_engaj_aon_engaj_tipo-p,52794,53679,307.44,0.162075,87,1.016763
2021-09-12,2021-09-12,rec_topo_int_regioes_casquinha,88371,98687,186.85,0.12869,127,1.116735
2021-09-12,2021-09-12,2021_brand_topo_mkt-places-delivery_aon_leva-junto-uma-viagem_rec_impressions_principale_brand-lift,706475,759283,1124.58,0.082051,623,1.074749
2021-09-12,2021-09-12,2021_brand_topo_mkt-places-delivery_aon_primavera_rec_impressions_principale_brand-lift,1055606,1202127,1988.36,0.082936,997,1.138803
2021-09-12,2021-09-12,rec_topo_int_regioes_speciali_ninho_al_cafe,759063,791669,812.94,0.071621,567,1.042956
2021-09-12,2021-09-12,2021_perf_meio_mkt-places-delivery_aon_conv_lead,190567,207256,1809.73,0.939418,1947,1.087575
2021-09-12,2021-09-12,2021_perf_fundo_mkt-places-delivery_aon_conv_lead,128914,170369,2253.94,0.930921,1586,1.321571
2021-09-12,2021-09-12,2021_geral_topo_engaj_aon_engaj_tipo-p,90132,93089,491.92,0.192289,179,1.032807
2021-09-11,2021-09-11,rec_topo_int_regioes_casquinha,88410,97257,195.87,0.099736,97,1.100068
2021-09-11,2021-09-11,2021_brand_topo_mkt-places-delivery_aon_leva-junto-uma-viagem_rec_impressions_principale_brand-lift,710602,739879,1181.45,0.083257,616,1.0412
2021-09-11,2021-09-11,2021_brand_topo_mkt-places-delivery_aon_primavera_rec_impressions_principale_brand-lift,1015968,1155353,2107.18,0.080755,933,1.137194
2021-09-11,2021-09-11,rec_topo_int_regioes_speciali_ninho_al_cafe,670128,701923,865.2,0.076932,540,1.047446
2021-09-11,2021-09-11,2021_perf_meio_mkt-places-delivery_aon_conv_lead,164642,181049,1899.35,0.890919,1613,1.099653
2021-09-11,2021-09-11,2021_perf_fundo_mkt-places-delivery_aon_conv_lead,118677,154109,2273.6,0.894821,1379,1.298558
2021-09-11,2021-09-11,2021_geral_topo_engaj_aon_engaj_tipo-p,84724,87245,520.01,0.182245,159,1.029755
2021-09-10,2021-09-10,rec_topo_int_regioes_casquinha,63471,66813,128.66,0.094293,63,1.052654
2021-09-10,2021-09-10,2021_brand_topo_mkt-places-delivery_aon_leva-junto-uma-viagem_rec_impressions_principale_brand-lift,439268,464361,753.31,0.090447,420,1.057125
2021-09-10,2021-09-10,2021_brand_topo_mkt-places-delivery_aon_primavera_rec_impressions_principale_brand-lift,661435,759650,1315.57,0.069242,526,1.148488
2021-09-10,2021-09-10,rec_topo_int_regioes_speciali_ninho_al_cafe,409509,431572,549.59,0.068818,297,1.053877
2021-09-10,2021-09-10,2021_perf_meio_mkt-places-delivery_aon_conv_lead,105625,110083,1105.34,0.864802,952,1.042206
2021-09-10,2021-09-10,2021_perf_fundo_mkt-places-delivery_aon_conv_lead,81750,102665,1438.98,0.892222,916,1.255841
2021-09-10,2021-09-10,2021_geral_topo_engaj_aon_engaj_tipo-p,50138,51224,296.13,0.216695,111,1.02166
2021-09-09,2021-09-09,rec_topo_int_regioes_casquinha,88774,96366,185.34,0.076791,74,1.085521
2021-09-09,2021-09-09,2021_brand_topo_mkt-places-delivery_aon_leva-junto-uma-viagem_rec_impressions_principale_brand-lift,693514,730572,1078.69,0.079937,584,1.053435
2021-09-09,2021-09-09,2021_brand_topo_mkt-places-delivery_aon_primavera_rec_impressions_principale_brand-lift,756431,895541,1481.95,0.07582,679,1.183903
2021-09-09,2021-09-09,rec_topo_int_regioes_speciali_ninho_al_cafe,568199,595412,702.4,0.069028,411,1.047893
2021-09-09,2021-09-09,2021_perf_meio_mkt-places-delivery_aon_conv_lead,151211,160794,1407.89,0.720798,1159,1.063375
2021-09-09,2021-09-09,2021_perf_fundo_mkt-places-delivery_aon_conv_lead,133635,168355,2077.56,0.802471,1351,1.259812
2021-09-09,2021-09-09,2021_geral_topo_engaj_aon_engaj_tipo-p,58456,60758,341.68,0.136608,83,1.03938
2021-09-08,2021-09-08,rec_topo_int_regioes_casquinha,95227,104196,169.96,0.10557,110,1.094185
2021-09-08,2021-09-08,2021_brand_topo_mkt-places-delivery_aon_leva-junto-uma-viagem_rec_impressions_principale_brand-lift,807733,831818,1024.8,0.084995,707,1.029818
2021-09-08,2021-09-08,2021_brand_topo_mkt-places-delivery_aon_primavera_rec_impressions_principale_brand-lift,636518,746537,889.31,0.073674,550,1.172845
2021-09-08,2021-09-08,rec_topo_int_regioes_speciali_ninho_al_cafe,723533,759973,648.8,0.060528,460,1.050364
2021-09-08,2021-09-08,2021_perf_meio_mkt-places-delivery_aon_conv_lead,143749,152035,1175.59,0.692604,1053,1.057642
2021-09-08,2021-09-08,2021_perf_fundo_mkt-places-delivery_aon_conv_lead,115852,147825,1701.47,0.93083,1376,1.275981
2021-09-08,2021-09-08,2021_geral_topo_engaj_aon_engaj_tipo-p,48251,49343,267.55,0.184423,91,1.022632
2021-09-07,2021-09-07,rec_topo_int_regioes_casquinha,117307,128611,176.1,0.114298,147,1.096363
2021-09-07,2021-09-07,2021_brand_topo_mkt-places-delivery_aon_leva-junto-uma-viagem_rec_impressions_principale_brand-lift,1059114,1134794,1057.84,0.085214,967,1.071456
2021-09-07,2021-09-07,rec_topo_int_regioes_speciali_ninho_al_cafe,1040981,1088169,594.2,0.058814,640,1.04533
2021-09-07,2021-09-07,2021_perf_meio_mkt-places-delivery_aon_conv_lead,143672,152239,853.81,0.756705,1152,1.059629
2021-09-07,2021-09-07,2021_perf_fundo_mkt-places-delivery_aon_conv_lead,119873,145451,1289.27,0.891709,1297,1.213376
2021-09-07,2021-09-07,2021_geral_topo_engaj_aon_engaj_tipo-p,85728,88577,409.53,0.171602,152,1.033233
2021-09-06,2021-09-06,rec_topo_int_regioes_casquinha,104922,113352,171.57,0.116451,132,1.080345
2021-09-06,2021-09-06,2021_brand_topo_mkt-places-delivery_aon_leva-junto-uma-viagem_rec_impressions_principale_brand-lift,955037,992961,1014.12,0.087919,873,1.039709
2021-09-06,2021-09-06,rec_topo_int_regioes_speciali_ninho_al_cafe,362147,366776,192.58,0.053439,196,1.012782
2021-09-06,2021-09-06,2021_perf_meio_mkt-places-delivery_aon_conv_lead,92121,96385,632.93,0.792654,764,1.046287
2021-09-06,2021-09-06,2021_perf_fundo_mkt-places-delivery_aon_conv_lead,78492,94086,951.15,0.839657,790,1.19867
2021-09-06,2021-09-06,2021_geral_topo_engaj_aon_engaj_tipo-p,66043,69384,383.15,0.122507,85,1.050588
2021-09-05,2021-09-05,rec_topo_int_regioes_casquinha,93951,104141,174.46,0.118109,123,1.108461
2021-09-05,2021-09-05,2021_brand_topo_mkt-places-delivery_aon_leva-junto-uma-viagem_rec_impressions_principale_brand-lift,886510,940807,1032.68,0.099064,932,1.061248
2021-09-05,2021-09-05,2021_perf_meio_mkt-places-delivery_aon_conv_lead,80973,84471,576.53,0.816848,690,1.0432
2021-09-05,2021-09-05,2021_perf_fundo_mkt-places-delivery_aon_conv_lead,75438,91956,864.52,0.93088,856,1.218961
2021-09-05,2021-09-05,2021_geral_topo_engaj_aon_engaj_tipo-p,75903,80381,508.19,0.154265,124,1.058996
2021-09-04,2021-09-04,rec_topo_int_regioes_casquinha,88714,96593,182.91,0.119056,115,1.088813
2021-09-04,2021-09-04,2021_brand_topo_mkt-places-delivery_aon_leva-junto-uma-viagem_rec_impressions_principale_brand-lift,834376,883925,1117.47,0.08779,776,1.059384
2021-09-04,2021-09-04,2021_perf_meio_mkt-places-delivery_aon_conv_lead,64750,69667,630.61,0.971766,677,1.075938
2021-09-04,2021-09-04,2021_perf_fundo_mkt-places-delivery_aon_conv_lead,66936,81222,964.52,0.939401,763,1.213428
2021-09-04,2021-09-04,2021_geral_topo_engaj_aon_engaj_tipo-p,72602,77148,553.06,0.194431,150,1.062615
2021-09-03,2021-09-03,rec_topo_int_regioes_casquinha,94202,105722,183.57,0.114451,121,1.12229
2021-09-03,2021-09-03,2021_brand_topo_mkt-places-delivery_aon_leva-junto-uma-viagem_rec_impressions_principale_brand-lift,820450,861899,1091.22,0.079592,686,1.05052
2021-09-03,2021-09-03,2021_perf_meio_mkt-places-delivery_aon_conv_lead,79817,84812,921.11,1.084752,920,1.062581
2021-09-03,2021-09-03,2021_perf_fundo_mkt-places-delivery_aon_conv_lead,49823,62498,895.79,1.092835,683,1.254401
2021-09-03,2021-09-03,2021_geral_topo_engaj_aon_engaj_tipo-p,63598,67423,483.97,0.151284,102,1.060143
2021-09-02,2021-09-02,rec_topo_int_regioes_casquinha,97678,105147,180.02,0.10842,114,1.076466
2021-09-02,2021-09-02,2021_brand_topo_mkt-places-delivery_aon_leva-junto-uma-viagem_rec_impressions_principale_brand-lift,938225,978599,989.65,0.06448,631,1.043032
2021-09-02,2021-09-02,2021_perf_meio_mkt-places-delivery_aon_conv_lead,103101,108031,1072.34,1.110792,1200,1.047817
2021-09-02,2021-09-02,2021_perf_fundo_mkt-places-delivery_aon_conv_lead,58064,70955,915.26,1.085195,770,1.222014
2021-09-02,2021-09-02,2021_geral_topo_engaj_aon_engaj_tipo-p,41551,43996,314.01,0.159105,70,1.058843
2021-09-01,2021-09-01,rec_topo_int_regioes_casquinha,99198,115291,181.11,0.101482,117,1.162231
2021-09-01,2021-09-01,2021_brand_topo_mkt-places-delivery_aon_leva-junto-uma-viagem_rec_impressions_principale_brand-lift,1128142,1200307,965.82,0.054653,656,1.063968
2021-09-01,2021-09-01,2021_perf_meio_mkt-places-delivery_aon_conv_lead,121021,127975,959.98,0.864231,1106,1.057461
2021-09-01,2021-09-01,2021_perf_fundo_mkt-places-delivery_aon_conv_lead,55404,65385,850.28,1.095052,716,1.180149
2021-09-01,2021-09-01,2021_geral_topo_engaj_aon_engaj_tipo-p,64847,68460,324.32,0.143149,98,1.055716
